req	id	src_section	src_lines	kind	actor	condition	obligation	exceptions	dest	a1_dest	disposition	multi_actor	tag	note	text
REQ-001	S0-001	(front matter)	74	keyword	PEP	a Decision is denied and requestable	MUST NOT treat a denied decision as access (abstract statement of the core rule at 188 and 1155)	-	F	F	stay	no	core	Abstract; outside the section map; stays in front matter unchanged. Added in round 2 after the coverage check found it missing.	This specification defines an extension profile for the OpenID AuthZEN Authorization API that allows a Policy Enforcement Point (PEP) to submit an access request when an authorization decision is denied but requestable. The profile preserves the AuthZEN Authorization API decision model: a denied decision remains a denial and MUST NOT be treated as access. It adds a requestable denial context, an access request endpoint, a task handle for the asynchronous workflow that resolves a denial, and a re-evaluation completion mode that lets the Policy Decision Point remain authoritative at enforcement time after approval.
REQ-002	S1-041	Introduction	84	keyword-free	Editor	-	Lead-in sentence naming delegation, dynamic discovery, scope expansion, and long-running agent activity	-	B	B	move	no	non-normative	SECOND READER: this sentence ends in a colon introducing the scenario bullets at 86-89, which the plan sends to Appendix B while this lead-in stays in 1. Same split-list problem as S1-021; needs a rewording in PR A2 or the lead-in follows the bullets | round 2: lead-in and scenario bullets share A1 placement B; A2 decides whether a rewritten sentence returns to the Introduction	Modern systems increasingly require authorization decisions to evolve during ongoing execution due to delegation, dynamic resource discovery, scope expansion, and long-running agent activity:
REQ-003	S1-042	Introduction	86-89	keyword-free	Editor	-	Four motivating scenarios (AI agent, OAuth AS, gateway PEP, STS) illustrating requestable denials	-	B	B	move	no	non-normative	Four bullets; one unit each but they move together as a block per the plan Introduction row. Lead-in at 84 does not move with them - see S1-041 | A1 list rule (round 2): common A1 placement 1 with lead-in at 84; final dest B applied in A2 | round 2: lead-in and scenario bullets share A1 placement B; A2 decides whether a rewritten sentence returns to the Introduction	* An AI agent ... * An OAuth Authorization Server ... * A gateway acting as a PEP ... * A Security Token Service ... (four scenario bullets, 86-89)
REQ-004	S1-043	Introduction	95	keyword-free	Editor	-	Lead-in sentence introducing the six-step flow	-	1	1	stay	no	non-normative	SECOND READER: ends in a colon introducing the six-step list at 97-102 that PR A2 removes; the lead-in must be reworded or removed with it	This profile defines that protocol layer: a narrow, interoperable mechanism for requestable denials that applies uniformly to autonomous runtime callers and to user-facing approval flows.  The flow is:
REQ-005	S1-044	Introduction	97	keyword-free	PEP	-	Step 1: the PEP evaluates access using the AuthZEN Access Evaluation API	-	1	1	stay	no	non-normative	Procedure step; plan removes the whole six-step list in PR A2 once the diagram at 160-186 sits beside it	1.  The PEP evaluates access using the AuthZEN Access Evaluation API.
REQ-006	S1-045	Introduction	98	keyword-free	PDP	Denial can be resolved by a workflow capable of evaluating the request	Step 2: the PDP returns `decision: false` and a structured `access_request` object in the Decision Context	-	1	1	stay	no	non-normative	Procedure step; removed in PR A2. Normative counterpart is 227 and 229	2.  The PDP returns `decision: false` and a structured `access_request` object in the Decision Context when the denial can be resolved by a workflow capable of evaluating the request.
REQ-007	S1-046	Introduction	99	keyword-free	PEP	-	Step 3: the PEP submits an access request to the Access Request Endpoint	-	1	1	stay	no	non-normative	Procedure step; removed in PR A2	3.  The PEP submits an access request to the Access Request Endpoint.
REQ-008	S1-047	Introduction	100	keyword-free	ARS	-	Step 4: the Access Request Service returns an opaque task handle	-	1	1	stay	no	non-normative	Procedure step; removed in PR A2	4.  The Access Request Service returns an opaque task handle.
REQ-009	S1-048	Introduction	101	keyword-free	PEP	-	Step 5: the PEP can poll, receive a callback, or otherwise use the task handle to determine completion	-	1	1	stay	no	non-normative	Procedure step; removed in PR A2	5.  The PEP can poll the task, receive a callback, or otherwise use the task handle to determine completion.
REQ-010	S1-049	Introduction	102	keyword-free	PEP	Task is approved	Step 6: the PEP performs a new AuthZEN Authorization API evaluation; the PDP remains authoritative	-	1	1	stay	no	non-normative	Procedure step; removed in PR A2. Normative counterpart is 188 and {{completion-semantics}}	6.  When the task is approved, the PEP performs a new AuthZEN Authorization API evaluation; the PDP remains authoritative at enforcement time.
REQ-011	S1-050	Introduction	104	keyword-free	Editor	-	Non-goals: no workflow engine, approval policy language, ticketing system, catalog, UI, or approver inbox is defined	Approver-facing surface is intentionally not interoperable by design	1	1	stay	no	non-normative	Plan Introduction row keeps the non-goals paragraph in 1	This specification intentionally does not define a workflow engine, approval policy language, ticketing system, entitlement catalog, user interface, or approver-facing inbox or enumeration API. ... how an approver discovers and acts on pending requests is intentionally out of scope ...
REQ-012	S1-051	Introduction	106	keyword-free	Editor	-	Defines the boundary against partial evaluation: this profile resolves missing authority, not missing information	The two mechanisms are orthogonal and can be used together	B	B	move	no	non-normative	Plan Introduction row sends the partial-evaluation paragraph to Appendix B. It is a scope definition, so a pointer may be wanted in 1; second reader	This profile resolves missing authority, not missing information.  A denied evaluation that could be completed with attributes or context the caller already holds is a matter of supplying those inputs; partial evaluation ... addresses that case. ... The two mechanisms are orthogonal and can be used together.
REQ-013	S1-052	Requirements Notation and Conventions	110	keyword-free	Editor	-	BCP 14 boilerplate directive supplying the RFC 2119 and RFC 8174 keyword definitions	-	2	2	stay	no	definition	kramdown-rfc directive; must move verbatim and must precede every keyword-bearing unit in the document	{::boilerplate bcp14-tagged}
REQ-014	S1-053	Requirements Notation and Conventions	112	keyword-free	Definition	-	PDP, PEP, Subject, Resource, Action, Context, and Decision are used as defined by {{AuthZEN}}	-	2	2	stay	no	definition	Term-import statement; the six profile terms in Terminology build on it	The terms Policy Decision Point (PDP), Policy Enforcement Point (PEP), Subject, Resource, Action, Context, and Decision are used as defined by {{AuthZEN}}.
REQ-015	S1-054	Design Goals	116-127	keyword-free	Editor	-	Lead-in plus ten design goals for the profile	-	B	B	stay	no	non-normative	Plan Design Goals row sends the section to Appendix B. Ten bullets plus lead-in move as a block; the stateless-model goal at 119 has its own row (S1-055) because the plan gives it a second destination	This profile has the following design goals: * Preserve the allow/deny decision model. * Preserve the stateless evaluation model ... (ten bullets, 118-127)
REQ-016	S1-055	Design Goals	119	keyword-free	Definition	-	Stateless evaluation model: durable request, approval, and denial-binding state lives in the Access Request Service, not the PDP	-	B	B	stay	no	definition	Plan Design Goals row: also quoted in 4. Content mirrors the first sentence of 263 (S1-024); cross-reference rather than consolidate, since 263 carries a PDP MUST NOT that this goal does not	* Preserve the AuthZEN Authorization API's stateless evaluation model: the PDP retains no decision state between the denial and the re-evaluation, and the durable request and approval state, including any denial-binding record, lives in the Access Request Service role, not the PDP ({{requestable-denial-context}} defines how that record is carried).
REQ-017	S1-056	Terminology	131-132	keyword-free	Definition	-	Access Request: a request submitted after a denied decision asking that access be approved, granted, or remediated	-	3	3	stay	no	definition	One of the six terms the plan moves whole	Access Request: : A request submitted after a denied AuthZEN Authorization API decision asking that access be approved, granted, or otherwise remediated.
REQ-018	S1-001	Terminology	134-137	keyword	Definition	-	The Access Request Service role MAY be played by the PDP, a trusted service, or an independent delegated service	-	3	3	stay	no	definition	src_lines corrected from 134-135: line 137 is a continuation paragraph of the same definition-list entry (six terms whole, plan Terminology row); the two paragraphs are one unit	Access Request Service: : A role that receives Access Request submissions and manages the resulting approval task. This role MAY be played by the PDP itself (logically part of the PDP), by a service trusted by the PDP (such as a governance platform), or by an independent service operating with delegated authority from the PDP.
REQ-019	S1-057	Terminology	139-140	keyword-free	Definition	-	Requestable Denial: a Decision with `decision` false and a Decision Context indicating the access can be requested	-	3	3	stay	no	definition	One of the six terms the plan moves whole	Requestable Denial: : An AuthZEN Authorization API Decision with `decision` set to `false` and a Decision Context indicating that the denied access can be requested through an Access Request Endpoint.
REQ-020	S1-058	Terminology	142-143	keyword-free	Definition	-	Task Handle: an opaque identifier and associated status endpoint representing the lifecycle of an Access Request	-	3	3	stay	no	definition	One of the six terms the plan moves whole	Task Handle: : An opaque identifier and associated status endpoint representing the lifecycle of an Access Request.
REQ-021	S1-059	Terminology	145-146	keyword-free	Definition	-	Approval Result: the completed result of a task; it does not itself permit access	Unless a profile-defined completion mode applies	3	3	stay	no	definition	One of the six terms the plan moves whole. The 'does not itself permit access' clause is the non-normative sibling of 188 and 1155; not a consolidation candidate (definition, no keyword)	Approval Result: : The completed result of an Access Request task.  An Approval Result does not itself permit access; the PEP uses it to obtain an AuthZEN Authorization API allow decision through a new Access Evaluation, or enforces it according to a profile-defined completion mode where one applies.
REQ-022	S1-002	Terminology	148-156	keyword	PDP	A `context` member is treated as authorization input	PDP SHOULD exclude volatile members and MUST make any authorization-relevant member explicit and integrity-protected	Profile machinery members (access_request, evaluation_id, evaluated_at, reason) are never authorization-relevant	3	3	stay	yes	definition	src_lines corrected from 148-149 to the whole unit 148-156 per brief; nested bullets 153-154 and the empty-set default at 156 travel with it, so they get no separate rows	Authorization-Relevant Context: : The subset of AuthZEN Authorization API `context` members that the PDP treats as authorization input and includes in denial binding and approval scope. Profile machinery members (`access_request`, `evaluation_id`, `evaluated_at`, and `reason`) are not authorization-relevant, and a PDP SHOULD also exclude volatile members (timestamps, nonces, or request identifiers such as `context.time`) so the set compares equal across the denial and a later submission or re-evaluation.
REQ-023	S1-003	Terminology	148-156	keyword	ARS	Denial binding, approval-scope matching, or idempotent-submission comparison	Access Request Service MUST use exactly the PDP's integrity-protected or server-resolved authorization-relevant Context set	Absent such a set the authorization-relevant Context is empty and only Subject, Resource, Action bind (156)	3	3	stay	yes	definition	Same unit as S1-002, second actor; src_lines corrected from 151 to 148-156	Denial binding, approval-scope matching, and idempotent-submission comparison all compare this set, so when any member is authorization-relevant the PDP MUST make it explicit and integrity-protected, and the Access Request Service MUST use exactly that set:
REQ-024	S1-060	Protocol Overview	160-186	keyword-free	Editor	-	ASCII-art sequence diagram of the six-step flow across PEP, PDP, and Access Request Service	-	1	1	stay	no	non-normative	Plan Protocol Overview row: the diagram goes to 1 and sits beside the six-step list, which PR A2 then removes	~~~ ascii-art ... PEP / PDP / Access Request Service sequence diagram, steps 1-6 ... ~~~
REQ-025	S1-004	Protocol Overview	188	keyword	PEP	A denial carries `context.access_request`	PEP MUST NOT permit the requested operation based only on the presence of `context.access_request`	-	1	1	stay	no	encounter-rule	Plan Section 6 consolidation candidate with 1155 REJECTED under the Section 5 same-condition test: 188 is conditioned on 'only the presence', 1155 is unconditional. Both land in Section 1 (1155's subsection moves there under rule 5), so the merge question is local; second reader decides. Note a MUST NOT then sits outside the reading guide's stated core range 3-10	The access evaluation in step 1 uses the existing AuthZEN Access Evaluation API. The denial in step 2 is still a denial. The PEP MUST NOT permit the requested operation based only on the presence of `context.access_request`. Step 6 is a new AuthZEN Authorization API evaluation against the PDP so the PDP remains authoritative at enforcement time.
REQ-026	S1-061	Protocol Overview	190	keyword-free	Definition	-	Portability of the Task Handle: it survives PEP restart, replacement, or handoff and can be polled by any authorized caller	This profile does not define the orchestration that pauses and resumes execution	18	18	move	no	feature	Plan Protocol Overview row sends the portability paragraph to 18. Keyword-free, so the script did not pre-populate it - added here	The flow supports execution continuity across the denial, approval, and re-evaluation boundary.  The Task Handle returned in step 4 is portable: it survives PEP restart, replacement, or handoff to a different runtime instance, and it can be polled or completed by any caller that can authenticate as authorized for the bound Subject, Resource, Action, and operation (see {{task-status-endpoint}} and {{authorization-and-authentication}}). ...
REQ-027	S1-005	Protocol Overview	192	keyword	ARS	-	Access Request Service MAY publish lifecycle events through deployment-level event subscriptions defined by companion specifications	Such channels are independent of the per-task callback and are not used for enforcement	16	16	move	no	feature	Plan Protocol Overview row sends 192 to 16	The Access Request Service MAY additionally publish lifecycle events for governance, audit, and analytics consumers through deployment-level event subscriptions defined by companion specifications. Such channels are independent of the per-task callback and are not used for enforcement.
REQ-028	S1-006	Discovery	196	keyword	PDP	PDP supports this profile	PDP MUST publish an `access_request_endpoint` in PDP metadata; the value MUST be an HTTPS URI	-	4	4	stay	no	core	-	A PDP supporting this profile MUST publish an `access_request_endpoint` in PDP metadata. The endpoint value MUST be an HTTPS URI.
REQ-029	S1-007	Discovery	198	keyword	PDP	PDP supports this profile	PDP SHOULD include `urn:openid:authzen:capability:access-request` in the `capabilities` array	-	4	4	stay	no	core	The URN literal at 200 is the body of this unit and travels with it; no separate fragment row	A PDP supporting this profile SHOULD include the following capability URN in the `capabilities` array:
REQ-030	S1-008	Discovery	202	keyword	PDP	PDP issues or verifies signed `binding_token` or `approval.state` values	PDP MUST publish a `jwks_uri` in PDP metadata pointing at a JWK Set of the verification keys	-	4	4	stay	no	core	Anchors both signed artifacts; plan Section 2 cause 2 names this line as the key-discovery hub	A PDP that issues or verifies signed values for use under this profile (for example, a JWS-signed `binding_token` or a JWS `approval.state`) MUST publish a `jwks_uri` in PDP metadata. The value is an HTTPS URI of a JWK Set {{RFC7517}} document containing the verification keys for the signed artifacts this profile defines: PDP-issued `binding_token` values and `approval.state` values signed by the PDP's Access Request Service. Keys are distinguished by their `kid` and by the JWS `iss`.
REQ-031	S1-009	Discovery	204	keyword	PDP	A JWK Set is published for this profile	Each JWK SHOULD include a `kid` and SHOULD include a `use` parameter distinguishing signing keys	-	4	4	stay	no	core	-	Each JWK in the set SHOULD include a `kid` parameter so JWS signatures issued with a `kid` header can be resolved to the corresponding verification key, and SHOULD include a `use` parameter distinguishing signing keys (`use: "sig"`) from any other keys advertised.
REQ-032	S1-010	Discovery	206	keyword	Verifier	An unrecognized `kid` is encountered	Verifier SHOULD refresh the JWK Set before rejecting the input	-	4	4	stay	no	core	First sentence (cache per HTTP cache headers, refresh on rotation) is keyword-free and travels with the unit	Verifiers cache the JWK Set per HTTP cache headers and refresh it on key-rotation events. An unrecognized `kid` SHOULD cause the verifier to refresh the JWK Set before rejecting the input.
REQ-033	S1-062	Discovery	208-221	keyword-free	Editor	-	Non-normative PDP metadata example showing `access_request_endpoint`, `jwks_uri`, and the capability URN	-	4	4	stay	no	non-normative	Example is consistent with 196, 198, and 202. Lead-in at 208 travels with the JSON block as one unit	The following is a non-normative metadata example: ~~~ json { policy_decision_point, access_evaluation_endpoint, access_evaluations_endpoint, access_request_endpoint, jwks_uri, capabilities: [urn:openid:authzen:capability:access-request] } ~~~
REQ-034	S1-011	Discovery	223	keyword	PDP	`access_request_endpoint` is hosted by a service other than the PDP	PDP metadata MUST identify the endpoint actually used by the PEP to submit access requests	-	4	4	stay	no	core	-	The `access_request_endpoint` MAY be hosted by the PDP itself, by a service trusted by the PDP, or by an independent service operating with delegated authority from the PDP. When hosted by a different service, the PDP metadata MUST identify the endpoint actually used by the PEP to submit access requests.
REQ-035	S1-012	Requestable Denial Context	227	keyword	PDP	Evaluation denies access and the denial is eligible for an access request	PDP MAY include an `access_request` object in the Decision Context	-	5	5	stay	no	core	Eligibility rule, brief-flagged; pairs with S1-013 and with the MUST NOT at 263 (S1-024)	When an AuthZEN Access Evaluation response denies access and the denial is eligible for an access request, the PDP MAY include an `access_request` object in the Decision Context.
REQ-036	S1-013	Requestable Denial Context	229	keyword	PDP	-	PDP MUST include `context.access_request` only when the denied access is eligible for submission to an Access Request Endpoint	-	5	5	stay	yes	core	Eligibility rule, brief-flagged; second actor in S1-035	The presence of `context.access_request` is the signal that the denial is requestable. The PDP MUST include this object only when the denied access is eligible for submission to an Access Request Endpoint; the PEP MUST treat the absence of this object as a non-requestable denial regardless of any other context members.
REQ-037	S1-035	Requestable Denial Context	229	keyword	PEP	`context.access_request` absent from a denial	PEP MUST treat the absence as a non-requestable denial regardless of any other context members	-	5	5	stay	yes	core	Second actor of the unit at 229 (eligibility rules, brief-flagged); same src_lines and dest as S1-013	The presence of `context.access_request` is the signal that the denial is requestable.  The PDP MUST include this object only when the denied access is eligible for submission to an Access Request Endpoint; the PEP MUST treat the absence of this object as a non-requestable denial regardless of any other context members.
REQ-038	S1-063	Requestable Denial Context	231	keyword-free	Editor	-	Lead-in introducing the `access_request` member definition list	-	5	5	stay	no	non-normative	SECOND READER: introduces seven member entries of which `form_url` (248-249) and `request_schema_url` (251-252) move to 20; the plan already provides for a one-line pointer here	The `access_request` object has the following members:
REQ-039	S1-014	Requestable Denial Context	233-234	keyword	PEP	`endpoint` omitted from the `access_request` object	PEP MUST use the `access_request_endpoint` from PDP metadata	-	5	5	stay	no	core	OPTIONAL marks producer-side optionality and imposes no separate actor obligation, so no split row. Restated for the PEP at 1057	`endpoint`: : OPTIONAL. HTTPS URI. The endpoint to which the PEP submits the access request. If omitted, the PEP MUST use the `access_request_endpoint` from PDP metadata ({{discovery}}).
REQ-040	S1-015	Requestable Denial Context	236-237	keyword	PEP	`template` present in the requestable denial	PEP MUST NOT interpret the `template` value	Display or request submission	5	5	stay	no	core	-	`template`: : OPTIONAL. String. An opaque template identifier that can guide the Access Request Service. Implementations typically map `template` to a stable identifier of the approval workflow, request schema, governance policy, or categorical source code that applies to this denial. The value is not a policy language and MUST NOT be interpreted by the PEP except for display or request submission.
REQ-041	S1-016	Requestable Denial Context	239-240	keyword	PDP	A requestable denial is emitted	`expires_at` is REQUIRED in the `access_request` object	-	5	5	stay	yes	core	REQUIRED binds the PDP; the MUST-reject in the same entry binds the Access Request Service (S1-036)	`expires_at`: : REQUIRED. String containing an {{RFC3339}} timestamp. Indicates when the requestable denial hint expires. The PEP echoes this value as `denial.expires_at` when submitting the Access Request. The Access Request Service MUST reject submissions received after this time, after applying any clock-skew tolerance it has configured (see {{impl-considerations}}).
REQ-042	S1-036	Requestable Denial Context	239-240	keyword	ARS	Submission received after `denial.expires_at`	Access Request Service MUST reject the submission, after applying any clock-skew tolerance it has configured	Configured clock-skew tolerance ({{impl-considerations}})	5	5	stay	yes	core	Second actor of the `expires_at` entry. Plan Section 6 WITHDREW 240/400/1097 from consolidation because the clock-skew clause conditions the MUST-reject; do not re-open	`expires_at`: : REQUIRED.  String containing an {{RFC3339}} timestamp.  Indicates when the requestable denial hint expires.  The PEP echoes this value as `denial.expires_at` when submitting the Access Request.  The Access Request Service MUST reject submissions received after this time, after applying any clock-skew tolerance it has configured (see {{impl-considerations}}).
REQ-043	S1-017	Requestable Denial Context	242-243	keyword	PDP	`binding_token` emitted; REQUIRED when the Access Request Service is independent of the PDP	Value MUST be integrity protected, SHOULD be a PDP-signed JWS; JWE MAY be added for PEP-invisible payloads	OPTIONAL in same-service or shared-state deployments	5	5	stay	yes	core	Member definition stays whole in 5 under plan rule 4 even though its REQUIRED condition points at the binding-forms text; PEP obligations in S1-037	`binding_token`: : OPTIONAL in same-service or shared-state deployments, and REQUIRED when the Access Request Service is independent of the PDP (see the denial-binding forms below). String. Opaque context to be returned to the Access Request Service when submitting the access request. The PEP MUST NOT decode, modify, or interpret this value. The PEP returns it unchanged as `denial.binding_token` when submitting the Access Request ({{access-request-submission}}). When present, the value MUST be integrity protected in a way the Access Request Service can verify, and SHOULD be a JSON Web Signature (JWS) {{RFC7515}} in compact serialization, signed by the PDP, with a payload (such as a JWT {{RFC7519}}) that the Access Request Service can verify and bind to the original denied evaluation. JSON Web Encryption (JWE) {{RFC7516}} MAY be used in addition to integrity protection when the payload contains information that must not be visible to the PEP, for example by encrypting a signed payload.
REQ-044	S1-037	Requestable Denial Context	242-243	keyword	PEP	`binding_token` present in the requestable denial	PEP MUST NOT decode, modify, or interpret it, and returns it unchanged as `denial.binding_token`	-	5	5	stay	yes	core	Second actor of the `binding_token` entry; same src_lines and dest as S1-017	`binding_token`: : OPTIONAL in same-service or shared-state deployments, and REQUIRED when the Access Request Service is independent of the PDP.  String.  The PEP MUST NOT decode, modify, or interpret this value.  The PEP returns it unchanged as `denial.binding_token` when submitting the Access Request.  When present, the value MUST be integrity protected, and SHOULD be a JWS signed by the PDP.  JWE MAY be used in addition.
REQ-045	S1-018	Requestable Denial Context	245-246	keyword	PEP	`display` present in the requestable denial	PEP MAY ignore this member	-	5	5	stay	no	core	Brief: `display` stays in 5 while `form_url` and `request_schema_url` go to 20	`display`: : OPTIONAL. Object. Localizable user-interface hints such as title, description, or recommended call-to-action text. The PEP MAY ignore this member.
REQ-046	S1-019	Requestable Denial Context	248-249	keyword	Definition	-	OPTIONAL. HTTPS URI of a form where a human requester supplies additional information	-	20	20	move	no	feature	Plan Part II row: `form_url` definition to 20, one-line pointer left in 5. No RFC 2119 obligation beyond the OPTIONAL marker	`form_url`: : OPTIONAL. HTTPS URI. URL of a form, hosted by the Access Request Service or another service trusted by the deployment, where the requester can supply additional information required for the Access Request. Suitable for PEPs that render the form for a human user. See {{machine-readable-forms}}.
REQ-047	S1-020	Requestable Denial Context	251-252	keyword	ARS	Deployment publishes a machine-readable description of the submission augmentations	`request_schema_url` is RECOMMENDED to be a JSON Schema document	-	20	20	move	no	feature	Plan Part II row: `request_schema_url` definition to 20, one-line pointer left in 5	`request_schema_url`: : OPTIONAL. HTTPS URI. URL where the Access Request Service publishes a machine-readable description of the augmentations the PEP must add to the submission's `context` and `requested_access` objects. RECOMMENDED to be a JSON Schema {{I-D.bhutton-json-schema}} {{I-D.bhutton-json-schema-validation}} document. Suitable for autonomous PEPs and for PEPs that render forms natively against a schema. See {{machine-readable-forms}}.
REQ-048	S1-064	Requestable Denial Context	254	keyword-free	Definition	-	`context.reason` is the machine-readable Decision reason code, echoed by the PEP as `denial.reason`	AuthZEN treats Decision Context contents as implementation-defined	5	5	stay	no	definition	Brief-flagged and named by the plan Requestable Denial Context row as staying in 5. Keyword-free, so the script did not pre-populate it - added here	The Decision's reason (why the evaluation returned `false`) is conveyed in the Decision Context.  The AuthZEN Authorization API treats the contents of the Decision Context as implementation-defined; this profile uses `context.reason` as a machine-readable reason code, which the PEP echoes as `denial.reason` when submitting an Access Request.
REQ-049	S1-021	Requestable Denial Context	256	keyword	PDP	A requestable denial is emitted	PDP MUST provide denial-binding material; the denial MUST include `expires_at` and at least one of two binding forms	-	5	5	stay	no	core	COLLISION: plan sends 256-264 to 11; precedence rule 2 (Part I test) beats rule 3 (destination row) - a signed-artifact-only PDP needs this rule, so Part I is incomplete without it. SECOND READER: this paragraph ends in a colon introducing bullets 258 (dest 5) and 259 (dest 11); no precedence rule covers a split list - either 259 stays in 5 as a stub pointing to 11, or the lead-in is reworded in PR A2	The PDP MUST provide enough denial-binding material for the Access Request Service to verify that a submitted Access Request corresponds to the denied evaluation and is still fresh. A requestable denial MUST include `expires_at` and at least one of two denial-binding forms:
REQ-050	S1-022	Requestable Denial Context	258	keyword	PDP	Access Request Service does not share state with the PDP (independent topology)	`binding_token` is REQUIRED and MUST be self-contained, carrying Subject, Resource, Action, and Context by value	-	5	5	stay	no	core	COLLISION: plan sends 256-264 to 11; rule 2 wins. Section 3 states the signed form is presented first in the core and only the shared-state form is the Section 11 alternative. See split-list question on S1-021	- **`binding_token` (by value).** An integrity-protected token that protects or constrains the requestable-denial expiry. The PDP signs it and retains no state. This form works in any topology, and is REQUIRED when the Access Request Service does not share state with the PDP (an independent Access Request Service). For that independent topology the `binding_token` MUST be self-contained: it carries the denied Subject, Resource, Action, and authorization-relevant Context by value (inline or as a `binding_hash`) and the Access Request Service verifies it offline against the PDP's published key, per {{binding-token-integrity}}. A `binding_token` that only references shared state, for example one carrying `evaluation_id` alone, does not satisfy the independent-Access-Request-Service requirement.
REQ-051	S1-038	Requestable Denial Context	259	keyword-free	Definition	Same-service or shared-state deployments only	Defines the `evaluation_id` by-reference binding form resolved against shared state within a server-side binding window	A stateless PDP retains no decision state, so the form does not apply to an independent service	11	5	stay	no	alternative	Bullet 2 of the two-form list introduced at 256; keyword-free so the script skipped it. See the split-list question on S1-021 | A1 list rule: stays with its lead-in in 5; A2 moves it to 11 after rewording the lead-in	- **`evaluation_id` (by reference).**  A stable identifier ({{evaluation-identifier}}) that the Access Request Service resolves against state shared with, or delegated by, the PDP, within a server-side binding window.  This form applies only to same-service or shared-state deployments, because a stateless PDP retains no decision state for an independent service to fetch.
REQ-052	S1-023	Requestable Denial Context	261	keyword	PDP	Both binding forms available	PDP MAY emit both forms and MAY return a stable `context.evaluation_id` alongside a `binding_token`	-	11	5	stay	yes	alternative	Part I test applied: an Access Request Service that only ever uses `binding_token` is unaffected by the form-precedence sentence, so the unit is Part II. Second actor in S1-039 Disposition is split-row; the unit itself moves from 5's section to 11. | round 4: Section 11 is not created in A1; A1 placement 5, final 11 in A2	A PDP MAY emit both forms. When a `binding_token` is present it is the authoritative denial binding, and any accompanying `evaluation_id` serves only as a correlation and audit identifier rather than a second binding form; the Access Request Service resolves `evaluation_id` as a binding form only when no `binding_token` is present. This is why a PDP MAY follow the conformance recommendation to return a stable `context.evaluation_id` ({{evaluation-identifier}}) even when it also emits a `binding_token`.
REQ-053	S1-039	Requestable Denial Context	261	keyword	ARS	Both `binding_token` and `evaluation_id` present	Access Request Service resolves `evaluation_id` as a binding form only when no `binding_token` is present	`binding_token` is the authoritative binding; `evaluation_id` is then correlation and audit only	11	5	stay	yes	alternative	Second actor of the unit at 261; same src_lines and dest as S1-023 Disposition is split-row; the unit itself moves to 11. | round 4: Section 11 is not created in A1; A1 placement 5, final 11 in A2	A PDP MAY emit both forms.  When a `binding_token` is present it is the authoritative denial binding, and any accompanying `evaluation_id` serves only as a correlation and audit identifier rather than a second binding form; the Access Request Service resolves `evaluation_id` as a binding form only when no `binding_token` is present.
REQ-054	S1-024	Requestable Denial Context	263	keyword	PDP	Neither binding form available, or the Access Request Service cannot determine the binding is unexpired	PDP MUST NOT include `context.access_request` in the Decision Context	-	5	5	stay	no	core	COLLISION: plan sends 256-264 to 11; rule 2 keeps this unconditional PDP MUST NOT in Part I - it is an eligibility rule paired with 227 and 229. First sentence restates design goal 119; cross-reference, not a consolidation (different actor framing, no shared obligation)	The durable denial-binding record lives in the Access Request Service role, not the PDP. This is the denial-side mirror of the re-evaluation rule that requires `approval.state` when the PDP cannot resolve `approval.id` from shared or delegated state ({{completion-semantics}}). When neither binding form is available, or when the Access Request Service cannot determine that the binding is unexpired, the PDP MUST NOT include `context.access_request` in the Decision Context.
REQ-055	S1-065	Requestable Denial Context	265-288	keyword-free	Editor	-	Non-normative example of a requestable denial carrying evaluation_id, evaluated_at, reason, and access_request	-	5	5	stay	no	non-normative	TEXT vs PLAN: the example `binding_token` at 278 decodes to a payload of `evaluation_id` alone, which 258 says does not satisfy the independent-Access-Request-Service requirement; it also lacks the `aud` that 1174 marks REQUIRED and the `binding_context_members` that 153 requires. Plan Section 2 item 4 and register item G15 do not list this token. Reported, not fixed	The following is a non-normative example: ~~~ json { decision: false, context: { evaluation_id, evaluated_at, reason, access_request: { endpoint, template, expires_at, binding_token, form_url, request_schema_url, display } } } ~~~
REQ-056	S1-066	Requestable Denial Context	292	keyword-free	Definition	-	Defines `evaluation_id` as a first-class identifier for an evaluation, used to bind a submission to the denied evaluation	-	5	5	stay	no	definition	Anchor {#evaluation-identifier} sits on this subsection heading (290). Row split for the subsection is four rows to 5 (292, 294, 296, 304) and three to 11 (298, 300, 302), so the anchor follows the majority into 5, matching plan Section 7	This profile defines `evaluation_id` as a first-class identifier for an AuthZEN Authorization API evaluation, used by the Access Request Service to bind a submitted Access Request to the denied evaluation it remediates ({{access-request-submission}}).
REQ-057	S1-025	Requestable Denial Context	294	keyword	ARS	An approval record is created	Access Request Service SHOULD retain the original `evaluation_id` in the approval record for audit reconstruction	Re-evaluation is keyed by the `approval` object, not by `evaluation_id`	5	5	stay	no	core	Plan Evaluation Identifier row assigns 294 to 5	`evaluation_id` is also the audit thread that links a later re-evaluation back to the initial denied attempt that prompted the Access Request. Re-evaluation is keyed by the `approval` object rather than by `evaluation_id` ({{completion-semantics}}); nonetheless, the Access Request Service SHOULD retain the original `evaluation_id` in the approval record so the full sequence (denied evaluation, Access Request, approval, and re-evaluation) can be reconstructed for audit.
REQ-058	S1-067	Requestable Denial Context	296	keyword-free	Definition	-	`context.evaluation_id` is a string returned by the PDP and echoed by the PEP as `denial.evaluation_id`	-	5	5	stay	no	definition	JSON member definition whose body begins with a type; keyword-free, added per plan Section 5	A PDP returns `evaluation_id` as a member of the AuthZEN Decision Context: `context.evaluation_id`, a string.  The PEP echoes the captured identifier as `denial.evaluation_id` when submitting an Access Request.
REQ-059	S1-026	Requestable Denial Context	298	keyword	PDP	PDP emits `evaluation_id`	`evaluation_id` MUST be stable; SHOULD be namespace-unique; MAY be reused only after the binding window, which MUST NOT outlast `expires_at`	-	5	5	stay	no	alternative	Plan names stability, reuse, and binding-window rules for 11. Second reader may note 261 permits a signed-form PDP to emit `evaluation_id` for audit, where stability still applies; treated as audit quality rather than Part I safety, so not escalated | round 3: 261 and 1082 cite {{evaluation-identifier}} for the stability rule, and 261 says the recommendation is not conditioned on shared state; stays in 5	`evaluation_id` MUST be stable for a given evaluation: subsequent retrievals or echoes of the same evaluation MUST return the same identifier. PDPs SHOULD generate identifiers that are unique within the PDP's namespace (for example, ULIDs or UUIDs). An identifier MAY be reused across distinct evaluations only after the original evaluation's binding window has expired. The binding window is the period during which the Access Request Service can resolve or validate the identifier for Access Request submission; it MUST NOT extend beyond `context.access_request.expires_at`.
REQ-060	S1-027	Requestable Denial Context	300	keyword	PDP	`context.access_request` returned without an integrity-protected `binding_token`	PDP MUST include `evaluation_id` as verifiable denial-binding material	Applies only to shared-state deployments	5	5	stay	no	alternative	By-reference form; Part I signed-flow PDPs always carry a `binding_token` and are unaffected | round 3: 261 and 1082 cite {{evaluation-identifier}} for the stability rule, and 261 says the recommendation is not conditioned on shared state; stays in 5	A PDP that returns `context.access_request` without an integrity-protected `binding_token` MUST include `evaluation_id` so the Access Request Service has verifiable denial-binding material; this is the by-reference form and applies only to shared-state deployments ({{requestable-denial-context}}).
REQ-061	S1-028	Requestable Denial Context	302	keyword	Profile	Bridging profile's uniqueness, stability, and binding-window requirements match	Bridging profiles MAY use `evaluation_id` directly as the transaction-binding identifier	-	5	5	stay	no	alternative	Plan Evaluation Identifier row assigns the bridging rule to 11 | round 3: 261 and 1082 cite {{evaluation-identifier}} for the stability rule, and 261 says the recommendation is not conditioned on shared state; stays in 5	Profiles that bridge to specifications using a transaction-binding identifier (for example, a token-issuance profile whose underlying specification carries a separate transaction identifier claim) MAY use `evaluation_id` directly as that identifier when its uniqueness, stability, and binding-window properties match the consuming specification's requirements.
REQ-062	S1-029	Requestable Denial Context	304	keyword	PDP	-	PDP MAY return `context.evaluated_at`, an RFC 3339 timestamp of when the Decision was produced	-	5	5	stay	no	core	Plan Evaluation Identifier row assigns the `evaluated_at` definition (304) to 5	A PDP MAY return `evaluated_at` as a member of the AuthZEN Decision Context: `context.evaluated_at`, an {{RFC3339}} timestamp indicating when the Decision was produced. The PEP echoes the captured timestamp as `denial.evaluated_at` when submitting an Access Request.
REQ-063	S1-030	Machine-Readable Forms	308	keyword	PEP	Deployment includes neither `form_url` nor `request_schema_url`	PEP MAY omit form-schema processing entirely	-	20	20	stay	no	feature	-	The OPTIONAL `form_url` and `request_schema_url` members of the `access_request` object ({{requestable-denial-context}}) describe additional submission fields the Access Request Service expects beyond those produced by the original AuthZEN Authorization API evaluation. PEPs interacting with deployments that do not include either member MAY omit form-schema processing entirely.
REQ-064	S1-068	Machine-Readable Forms	310	keyword-free	Definition	-	`form_url` identifies a form hosted by the Access Request Service or a trusted service, for PEPs rendering to a human	-	20	20	stay	no	definition	Descriptive restatement of the member definition at 248-249 (S1-019). Both land in 20, so a merge is editorial; not marked consolidate because neither carries an obligation and the plan's Section 6 list does not name the pair	* `form_url` identifies a form hosted by the Access Request Service or a service it trusts, suitable for PEPs that render the form for a human user.
REQ-065	S1-069	Machine-Readable Forms	311	keyword-free	Definition	-	`request_schema_url` identifies a machine-readable description of the same augmentations, for autonomous PEPs	-	20	20	stay	no	definition	Descriptive restatement of the member definition at 251-252 (S1-020); same reasoning as S1-068	* `request_schema_url` identifies a machine-readable description of the same augmentations, suitable for autonomous PEPs and for PEPs that render forms natively against a schema.
REQ-066	S1-031	Machine-Readable Forms	313	keyword	PEP	Schema requires information the PEP cannot obtain or is not authorized to supply	PEP MUST NOT fabricate values or submit incomplete; MUST surface, hand off, or treat the denial as not requestable	-	20	20	stay	yes	feature	COLLISION: Part I test (rule 2) vs plan Part II row. Resolved to 20 because 1059 independently carries the same encounter obligation into Part I, so a Part I implementation obeying 1059 is correct and safe. Consolidation with 1059 REJECTED: 313 adds three alternatives (surface, hand off, treat as not requestable) that 1059 lacks - fails the same-exceptions test. Deployment-actor sentence split to S1-040 Disposition is split-row; the unit stays in 20.	When a deployment expects autonomous PEP submissions, the requestable denial SHOULD include `request_schema_url` referencing a JSON Schema {{I-D.bhutton-json-schema}} {{I-D.bhutton-json-schema-validation}} document that describes the augmentations the PEP MUST add to the submission's `context` and `requested_access` objects. An autonomous PEP MAY consume the schema directly to construct a valid submission. If the schema requires information the PEP cannot obtain or is not authorized to supply, the PEP MUST NOT fabricate values or submit an incomplete request; it MUST either surface the request for additional input, hand it to another authorized component, or treat the denial as not requestable by that PEP.
REQ-067	S1-040	Machine-Readable Forms	313	keyword	Deployment	Deployment expects autonomous PEP submissions	Requestable denial SHOULD include `request_schema_url` referencing a JSON Schema describing the required augmentations	-	20	20	stay	yes	feature	Second actor of the unit at 313; same src_lines and dest as S1-031 Disposition is split-row; the unit stays in 20.	When a deployment expects autonomous PEP submissions, the requestable denial SHOULD include `request_schema_url` referencing a JSON Schema document that describes the augmentations the PEP MUST add to the submission's `context` and `requested_access` objects.
REQ-068	S1-032	Machine-Readable Forms	315	keyword	Implementation	Platform uses a proprietary form description language	Implementations MAY publish a derived JSON Schema, which SHOULD suffice for an autonomous PEP to construct a conformant submission	Some loss of fidelity is expected; rendering detail remains in `form_url`	20	20	stay	no	feature	-	Many existing IGA, ITSM, and approval platforms already use proprietary form description languages. Implementations built on top of such platforms MAY publish a JSON Schema document derived from their native form description. Some loss of fidelity is expected when translating between form description languages; the JSON Schema referenced by `request_schema_url` SHOULD provide enough information for an autonomous PEP to construct a conformant submission, while richer rendering, widget, and interaction details remain in `form_url`.
REQ-069	S1-070	Machine-Readable Forms	317	keyword-free	Editor	-	Catalog-backed form fields are out of scope; {{CATALOG}} defines the companion document that covers them	-	20	20	stay	no	non-normative	Only occurrence of the {{CATALOG}} reference in this slice; a cross-reference target the anchor map must keep resolvable	Form fields whose values are selected from a backing catalog (for example, applications, entitlements, roles, or cost centers) are outside the scope of this specification.  The AuthZEN Access Request Catalog Profile {{CATALOG}} defines a companion document, referenced from the requestable denial, that describes how a PEP resolves such fields while keeping the form schema a pure description of data shape.
REQ-070	S1-033	Machine-Readable Forms	319	keyword	Deployment	Deployment needs richer rendering hints	Deployments MAY layer an out-of-band UI vocabulary, typically keyed by `template`	-	20	20	stay	no	feature	-	This profile does not define a UI rendering vocabulary. Deployments that need richer rendering hints (such as widget selection, layout, or conditional display) MAY layer a UI vocabulary, identified out of band, typically keyed by `template`.
REQ-071	S1-034	Machine-Readable Forms	321	keyword	Deployment	Deployment serves agentic PEPs	Deployments MAY expose Access Request submission through an agent protocol keyed to the `request_schema_url` schema	Discovery of such surfaces is out of scope	20	20	stay	no	feature	-	This profile does not define an agent protocol surface. Deployments serving agentic PEPs MAY additionally expose Access Request submission through an agent protocol where the tool input schema corresponds to the JSON Schema referenced by `request_schema_url`. Discovery of such surfaces is out of scope for this specification.
REQ-072	S1-071	Access Request Endpoint	325	keyword-free	Definition	-	The Access Request Endpoint accepts an Access Request submission and returns a Task Handle	-	6	6	stay	no	definition	Opening definition of the endpoint; plan sends Access Request Endpoint (323) to 6	The Access Request Endpoint accepts an Access Request submission and returns a Task Handle.
REQ-073	S1-072	Access Request Endpoint	327	keyword-free	Definition	-	The endpoint is identified by `access_request_endpoint` metadata or by `context.access_request.endpoint`; its path is deployment-specific	-	6	6	stay	no	definition	Pairs with S1-014 (the PEP MUST-use rule at 233-234, which stays in 5) and with 196 in 4; cross-reference rather than consolidate - different actors	The endpoint is identified by the `access_request_endpoint` PDP metadata parameter or by the `context.access_request.endpoint` value returned in a requestable denial.  The endpoint path is deployment-specific.
REQ-074	S2-061	Access Request Endpoint	331	keyword-free	PEP	-	PEP submits the Access Request using the HTTP `POST` method as defined in {{RFC9110}}	-	6	6	stay	no	core	keyword-free procedure step for the submission	The PEP submits an Access Request using the HTTP `POST` method as defined in {{RFC9110}}.
REQ-075	S2-062	Access Request Endpoint	333	keyword-free	Definition	-	the request body is a JSON object with the members that follow	-	6	6	stay	no	definition	lead-in for the member list at 335-389; travels with the single-item members	The request body is a JSON object with the following members:
REQ-076	S2-001	Access Request Endpoint	335-336	keyword	PEP	-	`subject` REQUIRED: the submission carries the AuthZEN Subject from the denied evaluation	-	6	6	stay	no	core	-	`subject`: : REQUIRED. The AuthZEN Subject from the denied evaluation.
REQ-077	S2-002	Access Request Endpoint	338-339	keyword	PEP	`items` absent, or `items` present	`resource` REQUIRED when `items` is absent; MUST be omitted when `items` is present	-	6	6	stay	no	encounter-rule	rule 4 keeps the unit whole and rule 2 keeps it in Part I: the MUST-omit clause binds a single-item PEP that meets `items`	`resource`: : REQUIRED when `items` is absent; MUST be omitted when `items` is present. The AuthZEN Resource from the denied evaluation.
REQ-078	S2-003	Access Request Endpoint	341-342	keyword	PEP	`items` absent, or `items` present	`action` REQUIRED when `items` is absent; MUST be omitted when `items` is present	-	6	6	stay	no	encounter-rule	rule 4 keeps the unit whole and rule 2 keeps it in Part I: the MUST-omit clause binds a single-item PEP that meets `items`	`action`: : REQUIRED when `items` is absent; MUST be omitted when `items` is present. The AuthZEN Action from the denied evaluation.
REQ-079	S2-004	Access Request Endpoint	344-345	keyword	PEP	PEP bundles several (resource, action) pairs into one submission	`items` OPTIONAL array; when present `resource` and `action` MUST be omitted at the top level	-	14	14	move	no	feature	plan Section 4 names `items` for 14; the same omission rule also sits in 338-339 and 341-342, which stay in 6	`items`: : OPTIONAL. Array. Multiple `(resource, action)` items submitted as a single bundled Access Request. When present, `resource` and `action` MUST be omitted at the top level. Each item is an object with the following members:
REQ-080	S2-005	Access Request Endpoint	347	keyword	PEP	`items` present	each item `resource` REQUIRED: the AuthZEN Resource for this item	-	14	14	move	no	feature	-	* `resource`: REQUIRED. The AuthZEN Resource for this item.
REQ-081	S2-006	Access Request Endpoint	348	keyword	PEP	`items` present	each item `action` REQUIRED: the AuthZEN Action for this item	-	14	14	move	no	feature	-	* `action`: REQUIRED. The AuthZEN Action for this item.
REQ-082	S2-007	Access Request Endpoint	349	keyword	PEP	`items` present and an item carries `requested_access`	per-item `requested_access` OPTIONAL; merged with the top level, item values taking precedence	-	14	14	move	no	feature	PEP constructs the member, as at 347 and 348; the merge precedence is descriptive and is interpreted by the Access Request Service	* `requested_access`: OPTIONAL. Per-item `requested_access` overrides; merged with the top-level `requested_access` with item values taking precedence.
REQ-083	S2-008	Access Request Endpoint	350	keyword	PEP	items came from separate AuthZEN Authorization API evaluations	per-item `denial` OPTIONAL, using the same members as the top-level `denial`	-	14	14	move	no	feature	coverage rules live at 359, 361 and 363; 363 stays in 6 under rule 2	* `denial`: OPTIONAL. Per-item denial binding when items came from separate AuthZEN Authorization API evaluations. A per-item `denial` uses the same members as the top-level `denial` object. See the top-level `denial` definition below for coverage rules.
REQ-084	S2-009	Access Request Endpoint	352-353	keyword	PEP	submission augments the denied evaluation's `context`	submission-time augmentations MUST NOT change or remove authorization-relevant context from the denied evaluation	-	6	6	stay	yes	core	split-row with S2-063 (Deployment SHOULD use extension members); both dest 6	`context`: : OPTIONAL. The AuthZEN Context from the denied evaluation, augmented with submission-time fields such as business justification. Submission-time augmentations MUST NOT change or remove authorization-relevant context from the denied evaluation. When the Access Request Service needs to distinguish original evaluation context from submission-time input, deployments SHOULD place the latter in well-defined extension members rather than overwriting original context members.
REQ-085	S2-063	Access Request Endpoint	352-353	keyword	Deployment	service needs to distinguish original evaluation context from submission-time input	deployments SHOULD place submission-time input in well-defined extension members rather than overwriting original members	-	6	6	stay	yes	core	split-row partner of S2-009 (PEP MUST NOT change or remove authorization-relevant context); both dest 6	`context`: : OPTIONAL. The AuthZEN Context from the denied evaluation, augmented with submission-time fields such as business justification. Submission-time augmentations MUST NOT change or remove authorization-relevant context from the denied evaluation. When the Access Request Service needs to distinguish original evaluation context from submission-time input, deployments SHOULD place the latter in well-defined extension members rather than overwriting original context members.
REQ-086	S2-010	Access Request Endpoint	355-356	keyword	PEP	`items` absent, or `items` present and any item lacks a per-item `denial`	`denial` object REQUIRED, binding the Access Request to the denied AuthZEN Decision	OPTIONAL when `items` is present and every item carries its own `denial` (361)	6	6	stay	no	core	rule 3: the lead-in keeps bullet 358 in 6 while 359 and 361 go to 14, so PR A1 must add a cross-reference to 14 or the surviving list dangles	`denial`: : Object binding the Access Request to the denied AuthZEN Decision. REQUIRED in the following cases:
REQ-087	S2-064	Access Request Endpoint	358	keyword-free	Definition	`items` is absent	the `denial` binds the single submitted Subject, Resource, Action, and authorization-relevant Context	-	6	6	stay	no	definition	list item under 356; its sibling 359 goes to 14, so the list splits under rule 3 and PR A1 must cross-reference 14	* `items` is absent: the `denial` binds the single submitted Subject, Resource, Action, and authorization-relevant Context.
REQ-088	S2-011	Access Request Endpoint	359	keyword	PEP	`items` present and any item lacks a per-item `denial`	bundle `denial` binding material MUST cover the Subject, authorization-relevant Context, and every Resource and Action in `items`	-	14	6	stay	no	feature	rule 3: bulk denial coverage is named for 14; the general coverage rule at 363 stays in 6 | A1 list rule: stays with its lead-in in 6; A2 moves it to 14 after rewording the lead-in	* `items` is present and any item lacks a per-item `denial`: the top-level `denial` is a bundle denial whose verifiable binding material MUST cover the Subject, authorization-relevant Context, and every Resource and Action in `items`.
REQ-089	S2-012	Access Request Endpoint	361	keyword	PEP	`items` present and every item carries a per-item `denial`	top-level `denial` is OPTIONAL	-	14	6	stay	no	feature	A1 list rule: stays with its lead-in in 6; A2 moves it to 14 after rewording the lead-in	OPTIONAL when `items` is present and every item carries its own per-item `denial`.
REQ-090	S2-013	Access Request Endpoint	363	keyword	ARS	denial binding does not cover the submitted Subject, Resource, Action and authorization-relevant Context	MUST reject with `urn:openid:authzen:access-request:error:invalid_denial_binding`	-	6	6	stay	no	encounter-rule	rule 2 beats the bulk destination row: an ARS that never supports `items` is still bound; the `items` parenthetical widens the rule rather than creating it	An Access Request whose denial binding does not cover the submitted Subject, Resource, Action, and authorization-relevant Context (for every item when `items` is present) MUST be rejected with `urn:openid:authzen:access-request:error:invalid_denial_binding`.
REQ-091	S2-014	Access Request Endpoint	365-366	keyword	PEP	-	`requested_access` OPTIONAL object; additional members MAY be included subject to {{extension-naming}}	-	6	6	stay	no	core	no policy semantics; interpreted by the Access Request Service. `requested_until` (368) stays, `emergency` (369) moves to 19	`requested_access`: : OPTIONAL. Object containing request-specific information such as requested duration, requested role, requested entitlement, or requested scope. This object does not define policy semantics and is interpreted by the Access Request Service. The following well-known optional members are defined; additional members MAY be included subject to {{extension-naming}}:
REQ-092	S2-065	Access Request Endpoint	368	keyword-free	Definition	`requested_access` present	`requested_until` is a String {{RFC3339}} timestamp requesting access through a specific absolute time	-	6	6	stay	no	definition	JSON member whose body begins with a type; stays with the `requested_access` lead-in at 365-366	* `requested_until`: String. {{RFC3339}} timestamp requesting access through a specific absolute time.
REQ-093	S2-066	Access Request Endpoint	369	keyword-free	Definition	`emergency` is `true`	requests an expedited or emergency-access path subject to additional auditing	-	19	19	move	no	feature	plan Section 4 sends `emergency` (369) to 19, joining Emergency Access at 1220-1222; type-first member, keyword-free	* `emergency`: Boolean. When `true`, requests an expedited or emergency-access path subject to additional auditing.
REQ-094	S2-015	Access Request Endpoint	371-372	keyword	PEP	PEP wants completion notifications	`callback` OPTIONAL object describing a callback endpoint for completion notifications	-	16	16	move	no	feature	plan Section 4: `callback` to 16, rejoining the callback member definitions at 920-928	`callback`: : OPTIONAL. Object describing a callback endpoint where the Access Request Service can send completion notifications.
REQ-095	S2-016	Access Request Endpoint	374-375	keyword	PEP	-	`client` OPTIONAL object identifying the PEP or calling application; implementations MAY include additional members	-	6	6	stay	no	core	plan Section 4 named collision: the `client` member with 389 stays in 6; the `actor` and `source` sub-members go to 19	`client`: : OPTIONAL. Object identifying the PEP or calling application submitting the Access Request, supplementing the authenticated caller identity. The following members are defined; implementations MAY include additional members.
REQ-096	S2-017	Access Request Endpoint	377	keyword	PEP	`client` present	`client.id` OPTIONAL string identifying the calling application or PEP deployment	-	6	6	stay	no	core	-	* `id`: OPTIONAL. String. Stable identifier for the calling application or PEP deployment.
REQ-097	S2-018	Access Request Endpoint	378	keyword	PEP	`client` present	`client.name` OPTIONAL string, human-readable name of the calling application	-	6	6	stay	no	core	-	* `name`: OPTIONAL. String. Human-readable name of the calling application.
REQ-098	S2-019	Access Request Endpoint	379	keyword	PEP	immediate actor differs from the Subject or must be audited separately	`client.actor` OPTIONAL object identifying the immediate actor; implementations MAY include additional members	-	19	19	move	no	feature	plan Section 4 sends the `client.actor` definition to 19; 389 stays in 6 and 19 cross-references it. 1130 cites {{access-request-submission}} for this member and needs retargeting	* `actor`: OPTIONAL. Object identifying the immediate actor on whose behalf the PEP submits the Access Request, when that actor differs from the Subject or when the deployment needs to audit the actor separately. The following members are defined; implementations MAY include additional members.
REQ-099	S2-020	Access Request Endpoint	380	keyword	PEP	`client.actor` present	`actor.id` REQUIRED string, stable identifier for the actor	-	19	19	move	no	feature	-	* `id`: REQUIRED. String. Stable identifier for the actor.
REQ-100	S2-021	Access Request Endpoint	381	keyword	PEP	`client.actor` present	`actor.issuer` OPTIONAL string, issuer or identity provider for the actor identifier	-	19	19	move	no	feature	-	* `issuer`: OPTIONAL. String. Issuer, authority, tenant, or identity provider for the actor identifier.
REQ-101	S2-022	Access Request Endpoint	382	keyword	PEP	`client.actor` present	`actor.type` OPTIONAL string, actor category such as `user`, `service`, `workload`, `ai_agent`	-	19	19	move	no	feature	-	* `type`: OPTIONAL. String. Actor category, such as `user`, `service`, `workload`, or `ai_agent`.
REQ-102	S2-023	Access Request Endpoint	383	keyword	PEP	delegation chain has more than one hop	`act` OPTIONAL nested actor object following {{?I-D.mcguinness-oauth-actor-profile}}	-	19	19	move	no	feature	member definition only; plan Section 6 withdrew the 860/1180 `act` merge, so those stay where they are	* `act`: OPTIONAL. Object. Nested actor representing the next link in a delegation chain, following the conventions in {{?I-D.mcguinness-oauth-actor-profile}}. Each `act` carries `sub` and `iss` (corresponding to `id` and `issuer` in the immediate actor) and optionally `sub_profile`; nesting represents the chain from the immediate actor outward toward the Subject. See {{delegation}}.
REQ-103	S2-024	Access Request Endpoint	384	keyword	PEP	request originated in an auditable external context	`client.source` OPTIONAL object of audit-trail context; implementations MAY include additional members	-	19	19	move	no	feature	-	* `source`: OPTIONAL. Object. Audit-trail context describing where the request originated. The following members are defined; implementations MAY include additional members.
REQ-104	S2-025	Access Request Endpoint	385	keyword	PEP	`client.source` present	`session_id` OPTIONAL string identifying the bounded interaction context that produced the request	-	19	19	move	no	feature	explicitly not an authentication or authorization session identifier	* `session_id`: OPTIONAL. String. Identifier of a bounded interaction context that produced the request, such as a chat or agent conversation, a web or mobile application session, a CLI invocation, or a long-running workflow thread. This is an audit-origin identifier and is distinct from any authentication or authorization session associated with the caller.
REQ-105	S2-026	Access Request Endpoint	386	keyword	PEP	`client.source` present	`external_url` OPTIONAL HTTPS URI of the external system that motivated the request	-	19	19	move	no	feature	URL-trust rules at 1230-1232 are separate and stay under their own heading	* `external_url`: OPTIONAL. HTTPS URI. URL of an external system (ticket, document, dashboard, chat thread) that motivated the request.
REQ-106	S2-027	Access Request Endpoint	387	keyword	PEP	`client.source` present	`integration_id` OPTIONAL string identifying the upstream integration or workflow	-	19	19	move	no	feature	-	* `integration_id`: OPTIONAL. String. Identifier of an upstream integration or workflow that produced the request.
REQ-107	S2-028	Access Request Endpoint	389	keyword	ARS	`client.actor` or `client.source` present in a submission	MUST NOT rely on them as authorization input unless the values are independently verified by the service	values the service independently verifies MAY be relied on	6	6	stay	no	encounter-rule	plan Section 4 named collision: 389 stays in 6 as a service obligation and 19 cross-references it. Near-duplicate at 1136 rejected for consolidation, see report	The `actor` and `source` objects are supplied for authorization, routing, and audit correlation. The Access Request Service MUST NOT rely on `client.actor` or `client.source` as authorization input unless the values are independently verified by the service.
REQ-108	S2-067	Access Request Endpoint	391	keyword-free	Definition	-	each `denial` field maps to one member of the denied evaluation response; the object does not echo the full Decision	-	6	6	stay	no	definition	lead-in for the denial echo table at 393-409	The `denial` object has the following members. Each field maps directly to a single member of the PDP's denied evaluation response; the `denial` object does not echo the full AuthZEN Decision because the binding material (`evaluation_id` and `binding_token`) provides stronger evidence of the denial than a verbatim JSON echo could.
REQ-109	S2-029	Access Request Endpoint	393-394	keyword	PEP	`denial.binding_token` absent (REQUIRED) or present (RECOMMENDED)	`evaluation_id` echoed unchanged from `context.evaluation_id`; SHOULD be preferred over `evaluated_at` alone	-	6	6	stay	yes	core	split-row with S2-068 (ARS MUST be able to resolve or validate it); both dest 6	`evaluation_id`: : REQUIRED when `denial.binding_token` is absent; otherwise RECOMMENDED. A stable identifier for the denied evaluation, captured by the PEP from `context.evaluation_id` in the AuthZEN Decision and echoed unchanged here ({{evaluation-identifier}}). The Access Request Service MUST be able to resolve or validate `evaluation_id` before relying on it as denial-binding material. `evaluation_id` provides the strongest audit binding between the original denial and the submitted Access Request and SHOULD be preferred over `evaluated_at` alone.
REQ-110	S2-068	Access Request Endpoint	393-394	keyword	ARS	relying on `evaluation_id` as denial-binding material	MUST be able to resolve or validate `evaluation_id` before relying on it	-	6	6	stay	yes	core	split-row partner of S2-029; both dest 6	`evaluation_id`: : REQUIRED when `denial.binding_token` is absent; otherwise RECOMMENDED. A stable identifier for the denied evaluation, captured by the PEP from `context.evaluation_id` in the AuthZEN Decision and echoed unchanged here ({{evaluation-identifier}}). The Access Request Service MUST be able to resolve or validate `evaluation_id` before relying on it as denial-binding material. `evaluation_id` provides the strongest audit binding between the original denial and the submitted Access Request and SHOULD be preferred over `evaluated_at` alone.
REQ-111	S2-030	Access Request Endpoint	396-397	keyword	PEP	-	`evaluated_at` OPTIONAL {{RFC3339}} timestamp echoed from `context.evaluated_at` of the denied evaluation	-	6	6	stay	no	core	-	`evaluated_at`: : OPTIONAL. {{RFC3339}} timestamp indicating when the denial was produced, echoed from `context.evaluated_at` of the denied evaluation.
REQ-112	S2-031	Access Request Endpoint	399-400	keyword	PEP	-	`expires_at` REQUIRED, echoed unchanged from `context.access_request.expires_at` of the denied evaluation	-	6	6	stay	yes	core	split-row with S2-069 (ARS MUST reject late submissions); plan Section 6 withdrew the 240/400/1097 clock-skew merge	`expires_at`: : REQUIRED. {{RFC3339}} timestamp indicating when the requestable denial hint expires, echoed unchanged from `context.access_request.expires_at` of the denied evaluation. The Access Request Service MUST reject submissions received after this time, after applying any clock-skew tolerance it has configured (see {{impl-considerations}}).
REQ-113	S2-069	Access Request Endpoint	399-400	keyword	ARS	submission received after `denial.expires_at`	MUST reject the submission, after applying any configured clock-skew tolerance	configured clock-skew tolerance (see {{impl-considerations}})	6	6	stay	yes	core	split-row partner of S2-031; plan Section 6 withdrew the 240/400/1097 merge because it would strip this skew condition	`expires_at`: : REQUIRED. {{RFC3339}} timestamp indicating when the requestable denial hint expires, echoed unchanged from `context.access_request.expires_at` of the denied evaluation. The Access Request Service MUST reject submissions received after this time, after applying any clock-skew tolerance it has configured (see {{impl-considerations}}).
REQ-114	S2-032	Access Request Endpoint	402-403	keyword	PEP	-	`reason` OPTIONAL string, echoed unchanged from `context.reason` of the denied evaluation	-	6	6	stay	no	core	-	`reason`: : OPTIONAL. String. Machine-readable reason code for the denial, echoed unchanged from `context.reason` of the denied evaluation.
REQ-115	S2-033	Access Request Endpoint	405-406	keyword	PEP	`denial.evaluation_id` absent (REQUIRED); otherwise OPTIONAL	`binding_token` echoed byte-for-byte; the PEP MUST NOT decode, modify, or interpret the value	-	6	6	stay	no	core	restates the PEP opacity rule at 243 (dest 5); consolidation rejected, different dests and each wire-format definition needs the clause	`binding_token`: : REQUIRED when `denial.evaluation_id` is absent; otherwise OPTIONAL. String. Integrity-protected binding material echoed unchanged from `context.access_request.binding_token` of the denied evaluation ({{requestable-denial-context}}). The PEP MUST NOT decode, modify, or interpret this value; it returns the original PDP-issued value byte-for-byte.
REQ-116	S2-034	Access Request Endpoint	408-409	keyword	PEP	PDP provided `context.access_request.template`	`template` OPTIONAL string echoed unchanged; the service uses it to route the request to a workflow	-	6	6	stay	no	core	the routing sentence describes the Access Request Service but carries no keyword; kept as one row under rule 4	`template`: : OPTIONAL. String. Echoed unchanged from `context.access_request.template` of the denied evaluation, when the PDP provided one. The Access Request Service uses this value to route the request to the appropriate workflow.
REQ-117	S2-070	Access Request Endpoint	411	keyword-free	PEP	requestable denial carried `request_schema_url`	PEP determines the additional `context` and `requested_access` members from the referenced JSON Schema	-	6	6	stay	no	core	rule 3: the plan's 329 row names the submission rules 411-421 for 6, beating the `request_schema_url`-to-20 row; the MUST NOT submit rule at 1059 stays in Part I	The PEP determines the additional members of the `context` and `requested_access` objects from the JSON Schema referenced by the requestable denial's `request_schema_url`, when present.
REQ-118	S2-035	Access Request Endpoint	413	keyword	PEP	-	MUST submit an Access Request only for a Decision with `decision` false and a `context.access_request` object present	-	6	6	stay	no	core	restated as conformance bullets at 1055-1056 (dest 10); consolidation rejected, the plan keeps Section 10 as a conformance restatement	A PEP MUST submit an Access Request only for an AuthZEN Decision with `decision` equal to `false` and a `context.access_request` object present in the Decision Context.
REQ-119	S2-036	Access Request Endpoint	415	keyword	PEP	each requested item	submitted `denial` MUST include either `denial.binding_token` or `denial.evaluation_id`	-	6	6	stay	yes	core	split-row with S2-071 (ARS MUST reject); both dest 6	The submitted `denial` object for each requested item MUST include either `denial.binding_token` or `denial.evaluation_id`. The Access Request Service MUST reject a submission that lacks verifiable denial-binding material with `urn:openid:authzen:access-request:error:invalid_denial_binding`.
REQ-120	S2-071	Access Request Endpoint	415	keyword	ARS	submission lacks verifiable denial-binding material	MUST reject with `urn:openid:authzen:access-request:error:invalid_denial_binding`	-	6	6	stay	yes	core	split-row partner of S2-036; same error as 363 but conditioned on missing material rather than non-coverage, so the two are not consolidated	The submitted `denial` object for each requested item MUST include either `denial.binding_token` or `denial.evaluation_id`. The Access Request Service MUST reject a submission that lacks verifiable denial-binding material with `urn:openid:authzen:access-request:error:invalid_denial_binding`.
REQ-121	S2-037	Access Request Endpoint	417	keyword	PEP	-	SHOULD include an `Idempotency-Key` header covering the entire submission body, including all `items` members	-	6	6	stay	no	core	plan Section 4 default keeps idempotency in 6; plan Section 8 independently places the idempotency editor's note in Section 6	A PEP SHOULD include an `Idempotency-Key` header, following the conventions described in {{I-D.ietf-httpapi-idempotency-key-header}}. The Idempotency-Key covers the entire submission body, including all members of the `items` array when present.
REQ-122	S2-038	Access Request Endpoint	419	keyword	ARS	repeated submission with the same `Idempotency-Key` and authenticated requester	SHOULD return the same Task Handle for an equivalent body; MUST reject a materially different body with `...duplicate_request`	equivalence is a single-server comparison and need not be interoperable	6	6	stay	no	core	candidate for 15 rejected: plan Section 4 says the default is that idempotency text stays in 6, and the error at 971 cites {{access-request-submission}}	The Access Request Service SHOULD treat a repeated submission with the same `Idempotency-Key`, the same authenticated requester, and an equivalent submission body as the same request, returning the same Task Handle while the original request remains available. A submission with the same `Idempotency-Key` and authenticated requester but a materially different submission body MUST be rejected with `urn:openid:authzen:access-request:error:duplicate_request`. Two submission bodies are equivalent when they are identical under a deterministic comparison chosen by the Access Request Service (for example, a stable JSON canonicalization that ignores insignificant whitespace and object-member ordering, excluding the `Idempotency-Key` header itself). Because the same Access Request Service that recorded the `Idempotency-Key` evaluates the retry, this comparison is a single-server concern and need not be interoperable across implementations; a body that is not equivalent under it is materially different.
REQ-123	S2-039	Access Request Endpoint	421	keyword	ARS	-	SHOULD retain Idempotency-Key state until `task.expires_at` plus 24 hours after terminal status; MAY reclaim it afterwards	after reclamation a previously seen key is processed as a new submission	6	6	stay	no	core	the one idempotency row a reviewer could still push to 15 if Section 6 must be leaner; default keeps it in 6	The Access Request Service SHOULD retain Idempotency-Key state at least until `task.expires_at` and SHOULD continue to retain it for at least 24 hours after the task reaches a terminal status. This window lets retries from delayed PEP restarts find the original task rather than spawning a duplicate. After the retention window elapses, the Access Request Service MAY reclaim the Idempotency-Key; a submission presenting a previously seen Idempotency-Key whose state has been reclaimed is processed as a new submission.
REQ-124	S2-072	Access Request Endpoint	423-459	keyword-free	Editor	-	non-normative single-item submission example	-	6	6	stay	no	non-normative	row exists so the section-aware comparison script (plan Appendix X) can match this verbatim block; not a defining unit under brief item 2	[example block] Non-normative example: single-item submission with `Idempotency-Key`, subject, resource, action, context, requested_access and a `denial` carrying `evaluation_id`, `binding_token` and `template`.
REQ-125	S2-073	Access Request Endpoint	461-500	keyword-free	Editor	-	non-normative bulk-submission example	-	14	14	move	no	non-normative	plan Section 4 sends the bulk example to 14; row exists for the comparison script. The bundle token at 496 flattens items to strings, register item G15	[example block] Non-normative bulk-submission example: POST with an `items` array of two (resource, action) pairs and a bundle `denial`.
REQ-126	S2-040	Access Request Endpoint	504	keyword	ARS	successful Access Request submission	returns `201 Created` or `202 Accepted` with a `task` member; MAY include a `Location` header equal to `task.status_endpoint`	-	6	6	stay	no	core	the authoritative-endpoint sentence also guides the PEP but states no separate obligation, so no split-row	A successful Access Request submission returns HTTP status code `201 Created` or `202 Accepted` and a JSON object containing a `task` member. The `task.status_endpoint` member is authoritative for subsequent status retrieval. A response MAY also include an HTTP `Location` header equal to `task.status_endpoint`.
REQ-127	S2-074	Access Request Endpoint	506	keyword-free	Definition	-	the response object has the top-level members that follow	-	6	6	stay	no	definition	lead-in for 508-512	The response object has the following top-level members:
REQ-128	S2-041	Access Request Endpoint	508-509	keyword	ARS	-	`task` REQUIRED: the Task Handle returned for the submitted Access Request	-	6	6	stay	no	core	-	`task`: : REQUIRED. Task Handle returned for the submitted Access Request.
REQ-129	S2-042	Access Request Endpoint	511-512	keyword	ARS	task reached completion as governed by {{completed-task-response}}	`result` OPTIONAL except where {{completed-task-response}} requires it	-	6	6	stay	yes	encounter-rule	split-row with S2-075 (PEP MUST NOT treat `result` as approval); both dest 6 | round 3: tag unified to unit level (core -> encounter-rule)	`result`: : OPTIONAL except where required by {{completed-task-response}}. Completion result for the task. A PEP MUST NOT treat this member as approval unless the task is approved and the result is enforceable under {{completion-semantics}}.
REQ-130	S2-075	Access Request Endpoint	511-512	keyword	PEP	`result` present in a response	MUST NOT treat `result` as approval unless the task is approved and the result is enforceable under {{completion-semantics}}	-	6	6	stay	yes	encounter-rule	split-row partner of S2-042; binds a PEP whether or not it uses synchronous completion, so Part I under rule 2	`result`: : OPTIONAL except where required by {{completed-task-response}}. Completion result for the task. A PEP MUST NOT treat this member as approval unless the task is approved and the result is enforceable under {{completion-semantics}}.
REQ-131	S2-043	Access Request Endpoint	514	keyword	ARS	service resolves the request synchronously	SHOULD return `201 Created` with `task.status` already terminal and a populated `result`	-	6	6	stay	yes	encounter-rule	split-row with S2-076 (PEP MUST handle synchronous completion without polling) | round 3: tag unified to unit level (core -> encounter-rule)	When the Access Request Service is able to resolve the request synchronously (for example, when policy auto-approves and provisioning completes within the request), the Access Request Service SHOULD return `201 Created` with `task.status` already set to a terminal value and a populated `result` member ({{completion-semantics}}). PEPs MUST handle this synchronous-completion case without polling; the Task Status Endpoint remains usable for later retrieval but is not on the critical path.
REQ-132	S2-076	Access Request Endpoint	514	keyword	PEP	service returns a terminal status at submission	MUST handle the synchronous-completion case without polling	-	6	6	stay	yes	encounter-rule	split-row partner of S2-043; binds a PEP that never expects synchronous completion, so Part I under rule 2	When the Access Request Service is able to resolve the request synchronously (for example, when policy auto-approves and provisioning completes within the request), the Access Request Service SHOULD return `201 Created` with `task.status` already set to a terminal value and a populated `result` member ({{completion-semantics}}). PEPs MUST handle this synchronous-completion case without polling; the Task Status Endpoint remains usable for later retrieval but is not on the critical path.
REQ-133	S2-077	Access Request Endpoint	516	keyword-free	Definition	-	the `task` object has the members that follow	-	6	6	stay	no	definition	lead-in for the Task Handle members at 518-554, whose rows split across 6, 18 and 14	The `task` object has the following members:
REQ-134	S2-044	Access Request Endpoint	518-519	keyword	ARS	-	`id` REQUIRED, opaque and unguessable; MUST have sufficient entropy and MUST NOT encode semantics a PEP parses	-	6	6	stay	no	core	overlaps 1234 (Task Handle Leakage, dest 7); consolidation rejected, different obligations and different dests	`id`: : REQUIRED. Stable, opaque, and unguessable task identifier. The value MUST contain sufficient entropy to prevent practical guessing and MUST NOT encode semantics that a PEP is expected to parse.
REQ-135	S2-045	Access Request Endpoint	521-522	keyword	ARS	-	`status` REQUIRED, current task status using the values defined in {{task-status}}	-	6	6	stay	no	core	cross-reference to the status enumeration in 7 must resolve after PR A1	`status`: : REQUIRED. Current task status. Values are defined in {{task-status}}.
REQ-136	S2-046	Access Request Endpoint	524-525	keyword	ARS	-	`status_endpoint` REQUIRED HTTPS URI used to retrieve task status	-	6	6	stay	no	core	the proxy allowance for an intermediate enforcer is a permission with a proviso, not a second obligation, so no split-row; rule 4 keeps the unit whole in 6	`status_endpoint`: : REQUIRED. HTTPS URI used to retrieve task status. An intermediate enforcer (such as an OAuth Authorization Server or other gateway acting as PEP) MAY proxy or re-present this endpoint to its own callers; the value advertised to such callers MAY differ from the value the PEP itself uses, provided the proxied endpoint observes the authorization rules defined for the original endpoint.
REQ-137	S2-047	Access Request Endpoint	527-528	keyword	ARS	task has multi-step approvals	`progress` OPTIONAL object; with `items` present it describes aggregate progress, per-item progress being in `task.items[]`	-	18	18	move	no	feature	rule 4: the `items` sentence does not split this unit off to 14	`progress`: : OPTIONAL. Object describing approval workflow progress for tasks with multi-step approvals. When `items` is present, `progress` describes aggregate workflow progress for the bundled task; per-item progress is tracked in `task.items[]`. The following members are defined:
REQ-138	S2-048	Access Request Endpoint	530	keyword	ARS	`progress` present	`current_step` OPTIONAL integer, one-based index of the step in progress	-	18	18	move	no	feature	-	* `current_step`: OPTIONAL. Integer. One-based index of the step currently in progress.
REQ-139	S2-049	Access Request Endpoint	531	keyword	ARS	`progress` present	`total_steps` OPTIONAL integer, total approval steps configured for the task	-	18	18	move	no	feature	-	* `total_steps`: OPTIONAL. Integer. Total number of approval steps configured for the task.
REQ-140	S2-050	Access Request Endpoint	532	keyword	ARS	`progress` present	`step_name` OPTIONAL string, short identifier of the current step	-	18	18	move	no	feature	-	* `step_name`: OPTIONAL. String. Short identifier of the current step (for example, `manager_approval` or `resource_owner_review`).
REQ-141	S2-051	Access Request Endpoint	533	keyword	ARS	`progress` present	`awaiting` OPTIONAL array of expected approvers; implementations SHOULD apply privacy controls before populating it	-	18	18	move	no	feature	cross-reference to {{privacy-considerations}} (23) must resolve after PR A1	* `awaiting`: OPTIONAL. Array. Identifiers of approvers whose action is currently expected. Implementations SHOULD apply privacy controls before populating this member; see {{privacy-considerations}}.
REQ-142	S2-052	Access Request Endpoint	535-536	keyword	ARS	-	`expires_at` OPTIONAL {{RFC3339}} timestamp after which the task handle is no longer valid	-	6	6	stay	no	core	Task Handle core member per plan Section 4; the idempotency retention rule at 421 depends on it and is also in 6	`expires_at`: : OPTIONAL. {{RFC3339}} timestamp after which the task handle is no longer valid.
REQ-143	S2-053	Access Request Endpoint	538-539	keyword	ARS	-	`display` OPTIONAL object of user-interface hints for the pending request	-	6	6	stay	no	feature	1064 (PEP MUST NOT infer approval from display text) stays in Part I | round 4: display and links definitions stay in 6 because the Part I pending Task Handle example (564-586) renders them; progress still goes to 18	`display`: : OPTIONAL. Object containing user-interface hints for the pending request.
REQ-144	S2-054	Access Request Endpoint	541-542	keyword	ARS	-	`links` OPTIONAL object mapping link relation types to HTTPS URIs; implementations MAY define additional relation types	-	6	6	stay	no	feature	only the definition moves; the 1252 exposure rule goes to 7 per the plan's named collision resolution | round 4: display and links definitions stay in 6 because the Part I pending Task Handle example (564-586) renders them; progress still goes to 18	`links`: : OPTIONAL. Object containing related URLs. Each member name is a link relation type and the value is an HTTPS URI. The following relation types are defined; implementations MAY define additional relation types.
REQ-145	S2-078	Access Request Endpoint	544	keyword-free	Definition	`links` present	`ticket` is the URL where the requester (Subject) can view the request and its status	-	6	6	stay	no	definition	type-first member definition; travels with `links` | round 4: display and links definitions stay in 6 because the Part I pending Task Handle example (564-586) renders them; progress still goes to 18	* `ticket`: URL where the requester (Subject) can view the request and its status.
REQ-146	S2-079	Access Request Endpoint	545	keyword-free	Definition	`links` present	`review` is the URL where an approver or administrator can review or act on the request	-	6	6	stay	no	definition	rule 3: the definition follows `links` to 18, while the second sentence of 1252 goes to 7 per the plan's named collision resolution | round 4: display and links definitions stay in 6 because the Part I pending Task Handle example (564-586) renders them; progress still goes to 18	* `review`: URL where an approver or administrator can review or act on the request.
REQ-147	S2-080	Access Request Endpoint	546	keyword-free	Definition	`links` present and PEP-initiated cancellation supported	`cancel` is the URL where the PEP can cancel the request	-	6	6	stay	no	definition	rule 3: the `links` member row beats the Cancellation-to-17 section row; flagged for the second reader | round 4: display and links definitions stay in 6 because the Part I pending Task Handle example (564-586) renders them; progress still goes to 18	* `cancel`: URL where the PEP can cancel the request, when PEP-initiated cancellation is supported.
REQ-148	S2-055	Access Request Endpoint	548-549	keyword	ARS	original submission carried an `items` array	`task.items` REQUIRED, each element corresponding positionally to the submission's `items` member	otherwise OPTIONAL	14	14	move	no	feature	-	`items`: : REQUIRED when the original submission carried an `items` array; otherwise OPTIONAL. Array. Per-item progress for bundled Access Requests. Each element corresponds positionally to the submission's `items` member and has the following members:
REQ-149	S2-056	Access Request Endpoint	551	keyword	ARS	`task.items` present	each item `resource` REQUIRED, echoing the submission	-	14	14	move	no	feature	-	* `resource`: REQUIRED. The AuthZEN Resource for this item, echoing the submission.
REQ-150	S2-057	Access Request Endpoint	552	keyword	ARS	`task.items` present	each item `action` REQUIRED, echoing the submission	-	14	14	move	no	feature	-	* `action`: REQUIRED. The AuthZEN Action for this item.
REQ-151	S2-058	Access Request Endpoint	553	keyword	ARS	`task.items` present	each item `status` REQUIRED, using the values defined in {{task-status}}	-	14	14	move	no	feature	-	* `status`: REQUIRED. Per-item status using the values defined in {{task-status}}.
REQ-152	S2-059	Access Request Endpoint	554	keyword	ARS	item status is `approved`	per-item `result` REQUIRED; OPTIONAL before the item reaches a terminal status	-	14	14	move	no	feature	same shape as the top-level `result`; cross-reference to {{completion-semantics}} (8) must resolve	* `result`: OPTIONAL before the item reaches a terminal status; REQUIRED when the item status is `approved`. Per-item completion result with the same shape as the top-level `result` ({{completion-semantics}}).
REQ-153	S2-081	Access Request Endpoint	556	keyword-free	Definition	`items` present	aggregate `task.status` is computed from per-item statuses by the three rules that follow	-	14	14	move	no	feature	cited as the aggregation rule by 689, 691 and 787; see the anchor question in the report	When the `items` member is present, the aggregate `task.status` is computed from per-item statuses as follows:
REQ-154	S2-082	Access Request Endpoint	558	keyword-free	Definition	any item is `pending` or in an implementation-defined non-terminal status	the aggregate is `pending`	-	14	14	move	no	feature	-	* If any item is `pending` or in an implementation-defined non-terminal status ({{task-status}}), the aggregate is `pending`.
REQ-155	S2-083	Access Request Endpoint	559	keyword-free	Definition	all items share the same terminal status	the aggregate is that status	-	14	14	move	no	feature	-	* Otherwise, if all items share the same terminal status, the aggregate is that status.
REQ-156	S2-084	Access Request Endpoint	560	keyword-free	Definition	two or more distinct terminal statuses present across items	the aggregate is `partial`	-	14	14	move	no	feature	the `partial` enumeration entry at 654 stays in 7 per plan Section 4; only this aggregation rule moves	* Otherwise, with two or more distinct terminal statuses present across items, the aggregate is `partial`.
REQ-157	S2-060	Access Request Endpoint	562	keyword	PEP	PEP processes a bundled task	MUST consult `task.items[].status` and `[].result`; MUST NOT infer per-item outcomes from the aggregate `task.status`	a top-level `result` authorizes an item only when repeated in that item's `result`	14	14	move	no	feature	Part I test applied: a PEP that never submits `items` is already protected by 655 and by 1065, so this may sit in Part II	A PEP processing a bundled task MUST consult `task.items[].status` and `task.items[].result` to determine per-item outcomes; the PEP MUST NOT infer per-item outcomes from the aggregate `task.status` alone. A top-level `result` MUST NOT be used to authorize any individual item in a bundled task unless the same result is also present in that item's `result` member.
REQ-158	S2-085	Access Request Endpoint	564-586	keyword-free	Editor	-	non-normative pending Task Handle response example	-	6	6	stay	no	non-normative	row exists for the comparison script; the example shows `links` and `display`, whose definitions move to 18	[example block] Non-normative example: 202 Accepted Task Handle with `id`, `status`, `status_endpoint`, `expires_at`, `links.cancel` and `display`.
REQ-159	S2-086	Access Request Endpoint	588-609	keyword-free	Editor	-	non-normative synchronous-completion response example	-	6	6	stay	no	non-normative	row exists for the comparison script; cited from 1879. The `approval` object omits `iss` and `aud`, register item G15	[example block] Non-normative synchronous-completion example: 201 Created with `task.status` approved and a populated `result` using `mode` reevaluate.
REQ-160	S3-024	Task Status Endpoint	611	keyword-free	Editor	-	Section heading carrying the anchor {#task-status-endpoint}	-	7	7	stay	no	non-normative	Plan Section 7 does not give this anchor an explicit home, listing it among the anchors whose sections 'move whole'; this section does not move whole (617 -> 18). Section 7's majority rule keeps the anchor on 7.	# Task Status Endpoint {#task-status-endpoint}
REQ-161	S3-025	Task Status Endpoint	613	keyword-free	Definition	-	Defines the Task Status Endpoint as where the PEP retrieves the state of a previously submitted Access Request	-	7	7	stay	no	definition	-	The Task Status Endpoint allows the PEP to retrieve the state of a previously submitted Access Request.
REQ-162	S3-026	Task Status Endpoint	615	keyword-free	PEP	PEP retrieves task state	Calls `status_endpoint` using the HTTP `GET` method as defined in {{RFC9110}}	-	7	7	stay	no	core	Procedure step; no keyword but it fixes the method binding for the endpoint.	The PEP calls the `status_endpoint` using the HTTP `GET` method as defined in {{RFC9110}}.
REQ-163	S3-001	Task Status Endpoint	617	keyword	PEP	A caller holding the Task Handle is not the original submitting PEP (restart, replacement, agent-runtime handoff)	MAY interact with the Task Handle, such as polling status or initiating cancellation	Only if authorized for the original Subject, Resource, Action, task, and requested operation	18	18	move	no	feature	Plan's Section 18 row names '(from 611)'; 617 is the only unit it can mean, parallel to the portability paragraph at 190. Overlaps 1119 (same MAY): cross-reference, not consolidation, because 617 carries rationale 1119 lacks.	The Task Handle is portable across PEP instances and process lifetimes. A caller MAY interact with the Task Handle, such as polling status or initiating cancellation, even if that caller is not the original submitting PEP, provided the caller is authorized for the original Subject, Resource, Action, task, and requested operation. This supports PEP restart, replacement, and agent-runtime handoff, where the Task Handle flows through application context (such as a conversation thread, a session store, or a workflow orchestrator). This profile does not define an enumeration API for tasks belonging to a Subject; Task Handles are exchanged through the channels by which the original Access Request response was delivered.
REQ-164	S3-027	Task Status Endpoint	619-626	keyword-free	Editor	-	Non-normative example of a Task Status Endpoint GET request	-	7	7	stay	no	non-normative	Inline example travels with its flow section (PR A2 keeps one example per flow section); rowed so the comparison script's MOVED/kept lines match an inventory row.	Non-normative example: ~~~ http GET /access/v1/requests/arq_01HX4Y3AJZ7Y56W2F9H8Q8C1V4 HTTP/1.1 Host: pdp.example.com Authorization: Bearer 2YotnFZFEjr1zCsicMWpAA Accept: application/json ~~~
REQ-165	S3-028	Task Status Endpoint	628	keyword-free	ARS	A successful task status response	Returns a JSON object containing a `task` member; completed responses include `result` per {{completed-task-response}}	-	7	7	stay	no	core	-	A successful response returns a JSON object containing a `task` member. Completed task responses include a `result` member according to the rules in {{completed-task-response}}.
REQ-166	S3-002	Task Status Endpoint	630	keyword	PEP	task.status is `pending` and the PEP polls the Task Status Endpoint	MAY poll; SHOULD use exponential backoff with jitter; MUST honour `Retry-After`; MUST stop at `expires_at` or terminal status	PEPs on per-task callbacks or deployment event subscriptions MAY skip polling and retrieve status once per notification	7	7	stay	no	core	The `Retry-After` sentence conditions on ARS behaviour but states no ARS obligation, so this is a single-actor unit.	When a task is `pending`, a PEP MAY poll the Task Status Endpoint to determine completion. PEPs SHOULD use exponential backoff: a starting interval of several seconds, growing to no more than one minute, with jitter applied to spread load across many concurrent pollers. If the Access Request Service returns the `Retry-After` HTTP header (Section 10.2.3 of {{RFC9110}}), the PEP MUST wait at least the indicated duration before issuing the next poll. The PEP MUST stop polling once `task.expires_at` is reached or the task reaches a terminal status ({{state-transitions}}). PEPs subscribed to per-task callbacks ({{callback-completion}}) or to deployment-level event subscriptions MAY skip polling entirely and rely on push notification, falling back to a single status retrieval after each notification to obtain any enforceable `result`.
REQ-167	S3-029	Task Status Endpoint	632	keyword-free	Editor	-	Subsection heading carrying the anchor {#task-status}	-	7	7	stay	no	non-normative	Plan Section 7 gives task-status an explicit home on the Section 7 subsection holding the definitions. Cited at 522, 553, 558, 693, 787, 1017.	## Task Status Values {#task-status}
REQ-168	S3-030	Task Status Endpoint	634	keyword-free	Definition	-	Introduces the list of defined task status values	-	7	7	stay	no	definition	-	The following task status values are defined:
REQ-169	S3-031	Task Status Endpoint	636-637	keyword-free	Definition	-	`pending`: request accepted and awaiting processing or approval	-	7	7	stay	no	definition	-	`pending`: : The request has been accepted and is awaiting processing or approval.
REQ-170	S3-032	Task Status Endpoint	639-640	keyword-free	Definition	-	`approved`: request approved; approval alone does not grant access without an enforceable result	-	7	7	stay	no	definition	Second sentence is a substantive constraint though keyword-free; it is the definitional counterpart of the PEP rules at 512 and 1066.	`approved`: : The request was approved. Approval does not by itself grant access unless accompanied by a result that can be enforced under {{completion-semantics}}.
REQ-171	S3-033	Task Status Endpoint	642-643	keyword-free	Definition	-	`denied`: request denied by the approval workflow	-	7	7	stay	no	definition	-	`denied`: : The request was denied by the approval workflow.
REQ-172	S3-034	Task Status Endpoint	645-646	keyword-free	Definition	-	`expired`: request expired before completion	-	7	7	stay	no	definition	-	`expired`: : The request expired before completion.
REQ-173	S3-035	Task Status Endpoint	648-649	keyword-free	Definition	-	`cancelled`: request cancelled by requester, approver, administrator, or system	-	7	7	stay	no	definition	Restated at 687 and 744; cross-referenced, not consolidated (definition vs transition trigger vs permission).	`cancelled`: : The request was cancelled by the requester, approver, administrator, or system.
REQ-174	S3-036	Task Status Endpoint	651-652	keyword-free	Definition	-	`failed`: request could not be completed due to an error	-	7	7	stay	no	definition	-	`failed`: : The request could not be completed due to an error.
REQ-175	S3-003	Task Status Endpoint	654-655	keyword	PEP	PEP receives task.status `partial`	MUST consult `task.items[].status` for per-item outcomes and MUST NOT infer aggregate access permission	Status is only valid for tasks containing an `items` array	7	7	stay	no	encounter-rule	Plan Section 0 and 6 keep 654 in the enumeration; it binds any PEP that receives `partial`, incl. one that never submits bulk (see 617). After 689 moves to 14, Section 7 defines `partial` with no stated path into it - second-reader question.	`partial`: : All items in a bulk task ({{access-request-response}}) reached terminal status, but with mixed outcomes (for example, some items approved while others denied). This status is only valid for tasks containing an `items` array. A PEP receiving `partial` MUST consult `task.items[].status` to determine per-item outcomes and MUST NOT infer aggregate access permission.
REQ-176	S3-004	Task Status Endpoint	657	keyword	Implementation	-	MAY define additional task status values beyond the seven defined	-	7	7	stay	yes	encounter-rule	Split-row with S3-020 (PEP half of 657); same unit, same dest 7 per the plan's 'the whole status enumeration stays'. Would otherwise be `stay`. Extension point also cited at 1017. | round 3: tag unified to unit level (core -> encounter-rule)	Implementations MAY define additional status values. A PEP that receives an unknown status value MUST treat the task as not approved.
REQ-177	S3-020	Task Status Endpoint	657	keyword	PEP	PEP receives a task status value it does not recognize	MUST treat the task as not approved	-	7	7	stay	yes	encounter-rule	Split-row twin of S3-004 (same unit, same dest). Named in plan Section 3 as a Part I encounter rule; restated as a conformance bullet at 1065. Consolidation with 1065 rejected: the conformance list deliberately restates defining rules.	Implementations MAY define additional status values. A PEP that receives an unknown status value MUST treat the task as not approved.
REQ-178	S3-037	Task Status Endpoint	659	keyword-free	Editor	-	Subsection heading carrying the anchor {#state-transitions}	-	7	7	stay	no	non-normative	Plan Section 7: the anchor goes on the Section 7 subsection holding the table. Cited at 630.	### State Transitions {#state-transitions}
REQ-179	S3-038	Task Status Endpoint	661	keyword-free	Definition	-	Base state machine: a task is created `pending` and transitions exactly once to a terminal state; terminal states do not transition further	-	7	7	stay	no	definition	Collision: the plan sends the terminal-state sentence to 7 and the narrative to 18, but both sentences are one unit; precedence rule 4 (a unit never splits) puts the whole paragraph in 7.	In the base state machine, a task is created in the `pending` state and transitions exactly once to one of the terminal states defined above. Terminal states do not transition further.
REQ-180	S3-039	Task Status Endpoint	663-678	keyword-free	Editor	-	ASCII-art diagram of the base state machine, including the bulk-only `partial` box	-	18	18	move	no	non-normative	Plan's 659 row names the diagram for 18. Section 7 then carries the table without the picture, and the `partial` box leaves with the diagram.	~~~ ascii-art (created) | v +-------------+ | pending | +------+------+ | +----------+----------+----+----+-----------+-----------+ | | | | | | v v v v v v +--------+ +------+ +-------+ +----------+ +--------+ +---------+ |approved| |denied| |expired| |cancelled | | failed | | partial | +--------+ +------+ +-------+ +----------+ +--------+ +---------+ (bulk only) ~~~
REQ-181	S3-040	Task Status Endpoint	680-683	keyword-free	Definition	-	Introduces the table of transitions defined from `pending` and its column headings	-	7	7	stay	no	definition	-	The following transitions are defined from `pending`: | To | Trigger | |---|---|
REQ-182	S3-041	Task Status Endpoint	684	keyword-free	Definition	-	Transition to `approved`: approval workflow completes successfully	-	7	7	stay	no	definition	-	| `approved` | Approval workflow completes successfully. |
REQ-183	S3-042	Task Status Endpoint	685	keyword-free	Definition	-	Transition to `denied`: approval workflow rejects the request	-	7	7	stay	no	definition	-	| `denied` | Approval workflow rejects the request. |
REQ-184	S3-043	Task Status Endpoint	686	keyword-free	Definition	-	Transition to `expired`: `task.expires_at` reached before a terminal state	-	7	7	stay	no	definition	-	| `expired` | `task.expires_at` is reached before the request reaches a terminal state. |
REQ-185	S3-044	Task Status Endpoint	687	keyword-free	Definition	-	Transition to `cancelled`: cancelled by requester, approver, administrator, or PEP via the cancellation endpoint	-	7	7	stay	no	definition	Restates 649 and 744; cross-referenced, not consolidated. Carries a {{cancellation}} citation from a Part I table into an optional Part II section.	| `cancelled` | The request is cancelled by the requester, approver, administrator, or PEP using the cancellation endpoint ({{cancellation}}). |
REQ-186	S3-045	Task Status Endpoint	688	keyword-free	Definition	-	Transition to `failed`: a system error prevents completion	-	7	7	stay	no	definition	-	| `failed` | A system error prevents the request from completing. |
REQ-187	S3-046	Task Status Endpoint	689	keyword-free	Definition	Bulk tasks only	Transition to `partial`: all items terminal with two or more distinct terminal statuses; see aggregation in {{access-request-response}}	-	14	7	stay	no	feature	Plan Section 4 sends 689 to 14; one row is physically lifted out of a table that otherwise stays in 7. Section 7 then defines `partial` at 654 with no stated path into it. | round 5 (A1 execution): a table is one unit; the partial transition row stays in the Section 7 table for A1 and moves to 14 in A2 (a lone row rendered as a headerless table and broke the build)	| `partial` | Bulk tasks only. All items in the `items` array reach terminal status, with two or more distinct terminal statuses present. See aggregation rules in {{access-request-response}}. |
REQ-188	S3-047	Task Status Endpoint	691	keyword-free	Definition	Task contains an `items` array	Each item independently follows the base state machine; aggregate `task.status` computed per {{access-request-response}}	-	14	14	move	no	feature	Plan Section 4: 'the `partial` transitions (689 to 691) go to 14'.	For tasks containing an `items` array, each item independently follows the same base state machine; the aggregate `task.status` is computed from per-item statuses according to the aggregation rule in {{access-request-response}}.
REQ-189	S3-005	Task Status Endpoint	693	keyword	Implementation	Implementation defines additional status values ({{task-status}})	SHOULD specify the transitions into and out of the new state and document them with the value definition	-	18	18	move	no	feature	Collision: the plan's 659 row names only the table and terminal-state sentence for 7 and only the narrative and diagram for 18; 693 is neither. Precedence rule 2 (Part I test) decided: binds only implementations that extend, so Part II -> 18. Second reader may prefer 7, beside 657.	Implementations that define additional status values ({{task-status}}) extend the state machine. Such extensions SHOULD specify the transitions into and out of the new state and document them alongside the value definition.
REQ-190	S3-048	Task Status Endpoint	695	keyword-free	Editor	-	Subsection heading carrying the anchor {#status-mapping}	-	C	C	move	no	non-normative	Plan Section 7 puts status-mapping on the Appendix C subsection while the SHOULD at 711 goes to 7; the normative SHOULD at 1845 would then cite a non-normative appendix that no longer holds the rule it names.	### Mapping Backend States {#status-mapping}
REQ-191	S3-049	Task Status Endpoint	697	keyword-free	Implementation	-	Non-normative: backend models are richer; implementations are expected to collapse them into the canonical statuses	-	C	C	move	no	non-normative	'are expected to' is an unmarked obligation; the normative form is the SHOULD at 711, which leaves for 7.	Access Request Services typically maintain richer task lifecycle state than the canonical statuses defined above. Common backend models include separate fields for open versus closed, processing versus waiting, escalation states, and auto-approval states. Implementations are expected to collapse such richer state into the canonical statuses for the purpose of the Task Status Endpoint.
REQ-192	S3-050	Task Status Endpoint	699	keyword-free	Editor	-	Introduces the illustrative backend-to-canonical mapping table as non-normative	-	C	C	move	no	non-normative	-	The following non-normative mapping illustrates one such collapse and may be used as a starting point:
REQ-193	S3-051	Task Status Endpoint	701-709	keyword-free	Definition	-	Illustrative mapping table from common backend states to the seven canonical statuses	-	C	C	move	no	non-normative	Row 709 is an aspect of the bulk feature but plan Section 4 keeps 695-709 whole in Appendix C; plan Section 6 withdrew 709 from consolidation.	| Backend state | Canonical status | |---|---| | Open, awaiting approval or processing | `pending` | | Closed, all required approval steps satisfied | `approved` | | Closed, an approval step rejected the request | `denied` | | Closed, time-bounded request elapsed before completion | `expired` | | Closed, requester or administrator stopped the request | `cancelled` | | Closed, system error prevented completion | `failed` | | Closed, items in a bulk task reached two or more distinct terminal statuses | `partial` |
REQ-194	S3-006	Task Status Endpoint	711	keyword	Implementation	ARS collapses richer backend lifecycle state onto the canonical statuses	SHOULD document the mapping applied so PEP behavior remains predictable	-	7	7	stay	no	encounter-rule	Plan Sections 3 and 4 both name 711 for 7. Text says 'Implementations'; in context the actor is the ARS. Anchor status-mapping stays on the Appendix C subsection, so the normative SHOULD at 1845 would then cite a non-normative appendix.	Implementations SHOULD document the mapping they apply so that PEP behavior remains predictable across upgrades and operational changes.
REQ-195	S3-052	Task Status Endpoint	713	keyword-free	Editor	-	Subsection heading (no anchor)	-	7	7	stay	no	non-normative	Only heading in this slice with no anchor; nothing cites it.	## Pending Task Response
REQ-196	S3-053	Task Status Endpoint	715	keyword-free	ARS	task.status is `pending`	Response echoes the Task Handle from submission; later polls return the same shape with status, progress, and links updated	-	7	7	stay	no	core	Cites {{access-request-response}} (Task Handle core members -> 6) and {{completed-task-response}} (-> 7).	A response with `task.status: pending` echoes the Task Handle returned at submission ({{access-request-response}}). Subsequent polls return the same response shape with status, progress, and link members updated as the task advances; when the task reaches a terminal status, the response form is governed by {{completed-task-response}}.
REQ-197	S3-054	Task Status Endpoint	717-731	keyword-free	Editor	-	Non-normative example of a pending task status response	-	7	7	stay	no	non-normative	-	Non-normative example: ~~~ http HTTP/1.1 200 OK Content-Type: application/json { "task": { "id": "arq_01HX4Y3AJZ7Y56W2F9H8Q8C1V4", "status": "pending", "status_endpoint": "https://pdp.example.com/access/v1/requests/arq_01HX4Y3AJZ7Y56W2F9H8Q8C1V4", "expires_at": "2026-04-30T23:00:00Z" } } ~~~
REQ-198	S3-055	Task Status Endpoint	733	keyword-free	Editor	-	Subsection heading carrying the anchor {#completed-task-response}	-	7	7	stay	no	non-normative	Plan Section 7 gives completed-task-response an explicit home in 7. Cited at 512, 628, and 715.	## Completed Task Response {#completed-task-response}
REQ-199	S3-056	Task Status Endpoint	735	keyword-free	Definition	-	Introduces the four rules governing result information in a completed task response	-	7	7	stay	no	definition	-	A completed task response includes result information as follows:
REQ-200	S3-007	Task Status Endpoint	737	keyword	ARS	task.status is `approved` and the task does not contain an `items` array	Response MUST include a top-level `result` object	-	7	7	stay	no	core	-	* When `task.status` is `approved` and the task does not contain an `items` array, the response MUST include a top-level `result` object.
REQ-201	S3-008	Task Status Endpoint	738	keyword	ARS	task.status is `approved` and the task contains an `items` array	Each approved item in `task.items[]` MUST include its own `result`; response MAY also include a top-level `result`	-	7	7	stay	yes	encounter-rule	Split-row with S3-021. ARS half is bulk mechanics (would be 14); PEP half is an encounter rule (7). Dests differ, so the unit stays in Part I per brief rule 3 / plan Section 5. Would otherwise be `move`. | round 3: tag unified to unit level (feature -> encounter-rule)	* When `task.status` is `approved` and the task contains an `items` array, each approved item in `task.items[]` MUST include its own `result` object. The response MAY also include a top-level `result` object for aggregate workflow information, but a PEP MUST NOT use that top-level `result` to authorize an individual item unless the same result is also present in that item's `result` member.
REQ-202	S3-021	Task Status Endpoint	738	keyword	PEP	A bulk completed task response carries a top-level `result`	MUST NOT use that top-level `result` to authorize an individual item	Unless the same result is also present in that item's `result` member	7	7	stay	yes	encounter-rule	Split-row twin of S3-008 (same unit, same dest). Binds a PEP that did not submit the bulk task, since under 617 a caller may poll a task it did not submit.	* When `task.status` is `approved` and the task contains an `items` array, each approved item in `task.items[]` MUST include its own `result` object. The response MAY also include a top-level `result` object for aggregate workflow information, but a PEP MUST NOT use that top-level `result` to authorize an individual item unless the same result is also present in that item's `result` member.
REQ-203	S3-009	Task Status Endpoint	739	keyword	ARS	Task reached a terminal status other than `approved`	Response MAY include a `result` object for diagnostic or workflow information	-	7	7	stay	yes	encounter-rule	Split-row with S3-022 (PEP half of 739); both halves land in 7. Would otherwise be `stay`. | round 3: tag unified to unit level (core -> encounter-rule)	* For any other terminal status, the response MAY include a `result` object for diagnostic or workflow information, but the PEP MUST NOT treat it as approval.
REQ-204	S3-022	Task Status Endpoint	739	keyword	PEP	A `result` object appears on a task whose terminal status is not `approved`	MUST NOT treat that `result` as approval	-	7	7	stay	yes	encounter-rule	Split-row twin of S3-009 (same unit, same dest).	* For any other terminal status, the response MAY include a `result` object for diagnostic or workflow information, but the PEP MUST NOT treat it as approval.
REQ-205	S3-010	Task Status Endpoint	740	keyword	ARS	A `result` object is present in a task status response	MUST use one of the completion forms defined in {{completion-semantics}}	-	7	7	stay	no	core	-	* When present, the `result` object MUST use one of the completion forms defined in {{completion-semantics}}.
REQ-206	S3-011	Task Status Endpoint	742	keyword	ARS	Task has reached a terminal status; and after `task.expires_at` or retention-policy removal	Task remains retrievable until expiry or removal; afterwards the endpoint MUST return `task_expired` or `unknown_task` as appropriate	-	7	7	stay	no	core	Problem types are defined at 973 and 976 (Section 9, unchanged): cross-reference, not consolidation.	A task remains retrievable from the Task Status Endpoint after it has reached a terminal status, until `task.expires_at` is reached or the Access Request Service removes it according to local retention policy. After expiry or removal, the Task Status Endpoint MUST return `urn:openid:authzen:access-request:error:task_expired` or `urn:openid:authzen:access-request:error:unknown_task` as appropriate.
REQ-207	S3-012	Task Status Endpoint	744	keyword	ARS	Access Request is `pending`	Cancellation MAY be performed by the ARS, the requester, an approver, or the PEP via the cancellation endpoint	-	17	17	move	no	feature	Collision: sits in Completed Task Response (-> 7) but is wholly about the optional cancellation feature; precedence rule 2 (Part I test) sends it to 17. Names requester and approver, who are not protocol actors. Restates 649 and 687; consolidation rejected (definition vs transition trigger vs permission).	Cancellation of a pending Access Request MAY be performed by the Access Request Service, the requester through a separate user interface, an approver, or the PEP using the cancellation endpoint defined in {{cancellation}}.
REQ-208	S3-057	Task Status Endpoint	746-767	keyword-free	Editor	-	Non-normative example of an approved completed task response with a `reevaluate` result	-	7	7	stay	no	non-normative	Example `approval.state` omits `iss` and `aud`; pre-existing, register item G15, not fixed by relocation.	Non-normative example: ~~~ http HTTP/1.1 200 OK Content-Type: application/json { "task": { "id": "arq_01HX4Y3AJZ7Y56W2F9H8Q8C1V4", "status": "approved" }, "result": { "mode": "reevaluate", "approval": { "id": "apr_01HX4Y8E2NE3Y2X7P0K4JE6WVH", "approved_at": "2026-04-30T20:42:00Z", "approved_until": "2026-05-01T00:42:00Z", "state": "eyJhbGciOiJFUzI1NiIsImtpZCI6ImFycy0xIn0.eyJhcHByb3ZhbF9pZCI6ImFwcl8wMUhYNFk4RTJORTNZMlg3UDBLNEpFNldWSCJ9.c2lnbmF0dXJl" } } } ~~~
REQ-209	S3-058	Task Status Endpoint	769	keyword-free	Editor	-	Subsection heading carrying the anchor {#cancellation}	-	17	17	move	no	non-normative	Plan Section 7 does not give this anchor a home although the section splits (785 -> 7, 787 -> 14); its majority rule keeps it on 17. Cited at 687, 744, 1109.	## Cancellation {#cancellation}
REQ-210	S3-013	Task Status Endpoint	771	keyword	ARS	ARS supports PEP-initiated cancellation of a pending Access Request	MAY support cancellation; when supported the Task Handle MUST include `links.cancel`; MAY also accept HTTP `DELETE`	-	17	17	move	yes	feature	Split-row with S3-023 (PEP method half). Would otherwise be `stay`. The non-support case is 785, which goes to 7.	An Access Request Service MAY support PEP-initiated cancellation of a pending Access Request. When supported, the Task Handle MUST include a `links.cancel` member. The PEP cancels by issuing an HTTP `POST` to `links.cancel`; implementations MAY also accept HTTP `DELETE` against `links.cancel` as an equivalent cancellation request.
REQ-211	S3-023	Task Status Endpoint	771	keyword	PEP	PEP cancels a pending Access Request at a supported cancellation endpoint	Cancels by issuing an HTTP `POST` to `links.cancel` (`DELETE` only where the service accepts it)	-	17	17	move	yes	feature	Split-row twin of S3-013 (same unit, same dest). The PEP sentence carries no RFC 2119 keyword but states the wire procedure.	An Access Request Service MAY support PEP-initiated cancellation of a pending Access Request. When supported, the Task Handle MUST include a `links.cancel` member. The PEP cancels by issuing an HTTP `POST` to `links.cancel`; implementations MAY also accept HTTP `DELETE` against `links.cancel` as an equivalent cancellation request.
REQ-212	S3-014	Task Status Endpoint	773	keyword	PEP	PEP issues a cancellation request	The request body is an OPTIONAL JSON object with the members `reason` and `comment`	-	17	17	move	no	feature	-	The cancellation request body is an OPTIONAL JSON object with the following members:
REQ-213	S3-015	Task Status Endpoint	775-776	keyword	Definition	-	`reason`: OPTIONAL string; stable, machine-readable reason code	-	17	17	move	no	definition	-	`reason`: : OPTIONAL. String. Stable, machine-readable reason code.
REQ-214	S3-016	Task Status Endpoint	778-779	keyword	Definition	-	`comment`: OPTIONAL string; human-readable cancellation note for audit	-	17	17	move	no	definition	-	`comment`: : OPTIONAL. String. Human-readable cancellation note for audit.
REQ-215	S3-059	Task Status Endpoint	781	keyword-free	ARS	A cancellation request is accepted or refused	Returns `200 OK` with the updated `task` whose status is `cancelled`; returns `409 Conflict` with invalid_task_state if already terminal	-	17	17	move	no	feature	Keyword-free but normative. 787 specializes the 409 rule for bulk under a different condition; cross-reference, not consolidation.	A successful cancellation returns `200 OK` and the updated `task` object whose `status` is `cancelled`. Cancellation of a task that has already reached a terminal status returns `409 Conflict` using the `urn:openid:authzen:access-request:error:invalid_task_state` problem type.
REQ-216	S3-017	Task Status Endpoint	783	keyword	ARS	A cancellation request is received at the cancellation endpoint	MUST authenticate the PEP and MUST verify authorization for the original Subject, Resource, Action, task, and cancellation operation	Authorization to submit the original request or to act for the Subject does not by itself authorize cancellation	17	17	move	no	feature	Text over plan: 1109 defers cancellation authorization to this section. Overlaps the general per-operation rule at 1116 (-> 7); cross-reference, not consolidation, since 1116 lacks the bound-Resource/Action clause.	The Access Request Service MUST authenticate the PEP and MUST verify the PEP is authorized for the original Subject, Resource, Action, task, and cancellation operation. Authorization to submit the original request or to act for the Subject does not by itself authorize cancellation; the service MUST verify authorization for the bound Resource, Action, task, and operation.
REQ-217	S3-060	Task Status Endpoint	785	keyword-free	ARS	ARS does not support PEP-initiated cancellation	Omits `links.cancel`; a cancellation attempted at any cancellation endpoint returns `405 Method Not Allowed`	-	7	7	stay	no	encounter-rule	Keyword-free but normative. Plan Sections 3 and 4 both name this rule for 7: it binds a service whether or not it supports cancellation. Its sibling 789 (PEP side) stays in 17.	An Access Request Service that does not support PEP-initiated cancellation omits `links.cancel`; a cancellation attempted at any cancellation endpoint in such a deployment returns `405 Method Not Allowed`.
REQ-218	S3-018	Task Status Endpoint	787	keyword	ARS	Cancellation of a task containing an `items` array	Cancels every `pending` item; SHOULD document handling of implementation-defined non-terminal statuses; recomputes aggregate status; 409 if all items terminal	Items already in a terminal status remain unchanged	14	14	move	no	feature	Plan Section 4 names 787 for 14 explicitly. Its last sentence specializes 781's 409 rule for bulk; different condition, so cross-reference, not consolidation.	For a task containing an `items` array, cancellation cancels every item currently in `pending` status; items already in a terminal status remain unchanged. Behavior for items in implementation-defined non-terminal statuses ({{task-status}}) is implementation-defined; an Access Request Service that defines additional non-terminal statuses SHOULD document whether cancellation transitions those items to `cancelled` or leaves them unchanged. The aggregate `task.status` is recomputed according to the aggregation rule defined in {{access-request-response}}, which yields `cancelled` when no item completed before cancellation, or `partial` when some items reached other terminal statuses first. Cancellation of a bulk task in which every item is already in a terminal status returns `409 Conflict` with `urn:openid:authzen:access-request:error:invalid_task_state`.
REQ-219	S3-019	Task Status Endpoint	789	keyword	PEP	PEP needs to abandon an outstanding request without using the cancellation endpoint	MAY stop polling and rely on `task.expires_at` and ARS expiry to release resources	-	17	17	move	no	feature	Collision: arguably the PEP-side counterpart of the encounter rule at 785 (-> 7), but it is a MAY, not an obligation, so precedence rule 2 does not pull it into Part I; the plan's Cancellation row (17, except 787 and the 405 rule) decided. Second-reader question.	PEPs that need to abandon an outstanding request without using this endpoint MAY stop polling and rely on `task.expires_at` and Access Request Service expiry to release resources.
REQ-220	S4-037	Completion Semantics	793	keyword-free	Definition	-	Defines the single completion mode `reevaluate`: the PEP performs a new Access Evaluation after approval, so the PDP stays authoritative	-	8	8	stay	no	definition	plan Section 5 keyword-free list: the completion-mode statement (793); antecedent for 797 and for every `result.mode` rule	This profile defines a single completion mode, identified by `result.mode`: `reevaluate`.  The mode instructs the PEP to perform a new AuthZEN Access Evaluation after approval, so the PDP remains authoritative at enforcement time.
REQ-221	S4-038	Completion Semantics	795	keyword-free	Definition	-	Defines the input-attribute model: the approval is carried at `context.approval` and read like any backing attribute; not a resumption	-	8	8	stay	no	definition	plan Section 5 keyword-free list: the input-attribute statement (795); the last sentence states the topology property Section 11 depends on but is not itself an alternative	Re-evaluation does not require the PDP to retain decision state from the original denial.  The PDP treats the approval as an input attribute: the PEP carries the `approval` object into the new Access Evaluation at `context.approval`, and the PDP reads it the way it reads any other backing attribute, such as a role, group membership, or risk signal.  The new evaluation runs against current policy and current state; it is not a resumption of the earlier evaluation.  Whether the re-evaluation must reach the same PDP is a property of the binding topology, not of this profile: an integrity-protected `approval.state` can be verified by any PDP that holds the issuer's verification key, while an `approval.id` resolved against server-side state requires a PDP that shares that state.
REQ-222	S4-001	Completion Semantics	797	keyword	Profile	-	Profiles MAY define additional completion modes through the `result.mode` extension point ({{extensibility}})	-	8	8	stay	yes	encounter-rule	split-row per brief rule 3; three actors in one unit; plan Section 4 keeps 797 whole in 8; extension point cross-refs Section 21 | round 3: tag unified to unit level (core -> encounter-rule)	Profiles of this specification MAY define additional completion modes through the `result.mode` extension point ({{extensibility}}). Implementations that bind approval to a specific issuance flow, such as OAuth token issuance where the issued token is itself the decision representation, MUST do so through a profile that defines a completion mode appropriate to that flow; the base profile does not define such a mode. A PEP that receives an unknown `result.mode` value MUST treat the task as not approved and MUST NOT permit access on the basis of that result.
REQ-223	S4-055	Completion Semantics	797	keyword	Implementation	implementation binds approval to a specific issuance flow, such as OAuth token issuance	MUST do so through a profile that defines a completion mode for that flow; the base profile defines no such mode	-	8	8	stay	yes	encounter-rule	split-row with S4-001 and S4-056; same src_lines and dest; the unit stays whole in 8 (plan Section 4) | round 3: tag unified to unit level (core -> encounter-rule)	Profiles of this specification MAY define additional completion modes through the `result.mode` extension point ({{extensibility}}). Implementations that bind approval to a specific issuance flow, such as OAuth token issuance where the issued token is itself the decision representation, MUST do so through a profile that defines a completion mode appropriate to that flow; the base profile does not define such a mode. A PEP that receives an unknown `result.mode` value MUST treat the task as not approved and MUST NOT permit access on the basis of that result.
REQ-224	S4-056	Completion Semantics	797	keyword	PEP	PEP receives an unknown `result.mode` value	MUST treat the task as not approved and MUST NOT permit access on the basis of that result	-	8	8	stay	yes	encounter-rule	plan Section 3 names this an encounter rule (1067, also 797) so the whole unit is Part I; restated by the PEP conformance bullet at 1067 - consolidation rejected (Section 10 summary, not in plan Section 6)	Profiles of this specification MAY define additional completion modes through the `result.mode` extension point ({{extensibility}}). Implementations that bind approval to a specific issuance flow, such as OAuth token issuance where the issued token is itself the decision representation, MUST do so through a profile that defines a completion mode appropriate to that flow; the base profile does not define such a mode. A PEP that receives an unknown `result.mode` value MUST treat the task as not approved and MUST NOT permit access on the basis of that result.
REQ-225	S4-039	Completion Semantics	799	keyword-free	Editor	-	Non-normative: existing approval, IGA, and ITSM systems map onto Re-evaluation Mode; points to {{impl-considerations}}	-	8	8	stay	no	non-normative	keyword-free and outside the brief's definition test; added so no line in the range is unmapped; cross-reference target {{impl-considerations}} resolves to Appendix C	Most existing approval, IGA, and ITSM systems map naturally onto Re-evaluation Mode: approval changes state in a backing system, and a subsequent AuthZEN Authorization API evaluation reflects that state.  See {{impl-considerations}} for deployment patterns that adopt this mapping.
REQ-226	S4-002	Completion Semantics	801	keyword	ARS	task contains an `items` array (bulk submission)	Each approved item MUST include a per-item `result` independently enforceable according to its own `result.mode`	-	14	14	move	no	feature	plan Section 4 Completion Semantics row: bulk per-item rules (801, 854) go to 14	For a task containing an `items` array ({{access-request-response}}), each approved item MUST include a per-item `result` that is independently enforceable according to its own `result.mode`.
REQ-227	S4-003	Completion Semantics	803	keyword	ARS	`result.mode` is `reevaluate`	The result MUST include an `approval` member identifying the approval that completed the task	-	8	8	stay	no	core	lead-in to the member definitions at 805-807; each bullet is its own unit	When `result.mode` is `reevaluate`, the result MUST include an `approval` member. The `approval` object identifies the approval that completed the Access Request task and has the following members:
REQ-228	S4-004	Completion Semantics	805	keyword	ARS	an `approval` object is returned	`id` REQUIRED string; value MUST have sufficient entropy and MUST NOT encode PEP-parseable semantics	-	8	8	stay	no	definition	member definition; type and rules travel together (plan Section 5 unit rule)	* `id`: REQUIRED. String. Stable, opaque, and unguessable identifier of the approval. The value MUST contain sufficient entropy to prevent practical guessing and MUST NOT encode semantics that a PEP is expected to parse.
REQ-229	S4-005	Completion Semantics	806	keyword	ARS	an `approval` object is returned	`approved_at` OPTIONAL {{RFC3339}} timestamp indicating when the approval completed	-	8	8	stay	no	definition	member definition; no MUST/SHOULD beyond OPTIONAL	* `approved_at`: OPTIONAL. {{RFC3339}} timestamp indicating when the approval completed.
REQ-230	S4-006	Completion Semantics	807	keyword	ARS	an `approval` object is returned	`approved_until` REQUIRED {{RFC3339}} latest time the approval remains valid	-	8	8	stay	no	definition	also binds PEP (MUST NOT use the approval for re-evaluation after this timestamp); not split, both actors dest 8; relates to 852 and register item G9	* `approved_until`: REQUIRED. {{RFC3339}} timestamp indicating the latest time through which the approval remains valid. The PEP MUST NOT use the approval for re-evaluation after this timestamp.
REQ-231	S4-007	Completion Semantics	809	keyword	PDP/ARS	approval requires PDP-verifiable proof or verifier state	The `approval` object MAY include an opaque `state` member populated by the Access Request Service or PDP	-	8	8	stay	no	definition	also binds PEP: MUST preserve the JSON value exactly, MUST NOT modify or interpret it; not split, both dest 8; key discovery for the JWS form is 824	The `approval` object MAY additionally include a `state` member. `state` is an opaque JSON value populated by the Access Request Service or PDP, carrying proof or verifier state the PDP needs at re-evaluation time (for example, a signed reference, an extended lookup token, or deployment-specific state). The PEP MUST preserve the JSON value exactly and MUST NOT modify or interpret the contents of `approval.state`.
REQ-232	S4-008	Completion Semantics	811	keyword	PDP	during re-evaluation; mismatch rule applies when both `approval.id` and an integrity-protected `approval.state` are present	MUST resolve or verify `approval.id`/`approval.state` and bind the approval to task, denial, Subject, Resource, Action, Context, scope, expiry; MUST reject on identifier mismatch	-	8	8	stay	no	core	first sentence also states that `evaluation_id` is not the re-evaluation handle (definitional); unit stays whole	The `evaluation_id` of the original denied evaluation is denial-binding material for the Access Request submission; it is not the authorization handle used during re-evaluation. During re-evaluation, the chain back to the approved Access Request and original denial is represented by the `approval` object. The PDP MUST be able to resolve or verify `approval.id`, `approval.state`, or both, and bind the approval to the Access Request task, the original denied evaluation when recorded, the approved Subject, Resource, Action, relevant Context, approval scope, and approval expiry. When both `approval.id` and an integrity-protected `approval.state` are present and `approval.state` carries its own approval identifier, the PDP MUST verify that the two identifiers match, and MUST reject the re-evaluation on mismatch.
REQ-233	S4-009	Completion Semantics	813	keyword	PDP	request presents an approval reference at `context.approval`	MUST NOT authorize on a known `approval.id` alone; MUST verify applicability and MUST ignore or reject swapped, replayed, or expired references	-	8	8	stay	no	core	pairs with 811 and 867; register item G3 (how a PDP without shared state performs the check) noted at 850	The PDP MUST NOT authorize a re-evaluation solely because the request contains a known `approval.id`. The PDP MUST verify that the approval reference presented in `context.approval` is applicable to the authenticated caller or requester, current Subject, Resource, Action, relevant Context, approval scope, and approval expiry. A swapped, replayed, expired, or otherwise non-applicable approval reference MUST be ignored or rejected, and the PDP MUST evaluate the request as not approved by that reference.
REQ-234	S4-040	Completion Semantics	815	keyword-free	Definition	-	Lead-in: an approval reference has two deployment patterns (the bullets at 817 and 818)	-	8	8	stay	no	definition	COLLISION 1: plan sends 815-818 to 11 but only 817 is the shared-state alternative; lead-in stays with 818 and PR A2 must reword it to point at Section 11 for the lookup pattern	An approval reference has two deployment patterns:
REQ-235	S4-041	Completion Semantics	817	keyword-free	PDP	shared-state deployment	Lookup pattern: the PDP resolves `approval.id` in trusted server-side state	-	11	8	stay	no	alternative	COLLISION 1: plan row says the lookup pattern (815 to 818) goes to 11; it names one pattern and gives the range of both - only this bullet moves; precedence rule 2 decided | A1 list rule: stays with its lead-in in 8; A2 moves it to 11 after rewording the lead-in	* Lookup: the PDP resolves `approval.id` in trusted server-side state.
REQ-236	S4-042	Completion Semantics	818	keyword-free	PDP	bound-reference deployment	Bound reference pattern: the PDP verifies `approval.state`, which carries integrity-protected proof or verifier state	-	8	8	stay	no	core	COLLISION 1: this is the Part I signed-artifact form named in plan Section 3, so precedence rule 2 (Part I test over any destination row) keeps it in 8; 820 stays in 8 and refers to `both patterns`	* Bound reference: the PDP verifies `approval.state`, which carries integrity-protected proof or verifier state.
REQ-237	S4-010	Completion Semantics	820	keyword	Deployment	-	Deployments MAY use both approval-reference patterns (lookup and bound reference) together	-	8	8	stay	yes	core	split-row with S4-057; `both patterns` antecedent is 815-818, whose bullets split (817 to 11, 818 stays) - PR A2 must reword the pointer	Deployments MAY use both patterns together. In all cases, the PDP MUST verify the approval against trusted state or integrity-protected binding material; neither `approval.id` nor `approval.state` is a bearer grant by itself.
REQ-238	S4-057	Completion Semantics	820	keyword	PDP	any approval-reference pattern	MUST verify the approval against trusted state or integrity-protected binding material; neither `approval.id` nor `approval.state` is a bearer grant	-	8	8	stay	yes	core	split-row with S4-010; same src_lines and dest; plan Section 4 keeps the general rules at 820 in 8	Deployments MAY use both patterns together. In all cases, the PDP MUST verify the approval against trusted state or integrity-protected binding material; neither `approval.id` nor `approval.state` is a bearer grant by itself.
REQ-239	S4-011	Completion Semantics	822	keyword	ARS	PDP cannot resolve `approval.id` from trusted state shared with or delegated by the Access Request Service	Approval Result MUST include `approval.state` or another PDP-verifiable artifact; MUST NOT return a result the PDP cannot verify	-	8	8	stay	no	core	COLLISION: plan sends the first sentence to 11; the paragraph is one unit so precedence rule 4 applies and rule 2 (Part I test) puts it in 8 - parent brief anticipated this	When the PDP cannot resolve `approval.id` from trusted server-side state shared with, or delegated by, the Access Request Service, the Approval Result MUST include `approval.state` or another profile-defined PDP-verifiable artifact. An Access Request Service MUST NOT return a Re-evaluation Mode result that the PDP cannot verify without trusting PEP-supplied assertions.
REQ-240	S4-012	Completion Semantics	824	keyword	PDP	`approval.state` is carried by value as a JWS	MUST discover the signer key from the PDP `jwks_uri`, MUST verify `aud`, and MUST reject unresolvable or untrusted-`iss` keys	-	8	8	stay	no	core	also binds ARS as signer (JWS MUST carry `iss` and `aud`, SHOULD carry `kid`); not split, both dest 8; cites {{discovery}} which goes to 4; examples violate this (G15)	When `approval.state` is carried by value as a JWS, the verifying PDP MUST be able to discover the signer's verification key. The JWS MUST carry an `iss` claim identifying the signer (the Access Request Service, or the PDP acting through it) and SHOULD carry a `kid` header. The verification key is published in the PDP's `jwks_uri` JWK Set ({{discovery}}), which holds the verification keys for every signed artifact this profile defines; the PDP selects the key by `iss` and `kid`. Because the Access Request Service is logically part of, trusted by, or delegated by the PDP, the deployment ensures the Access Request Service's approval-state signing keys are present in that JWK Set. A JWS `approval.state` MUST carry an `aud` (or equivalent intended-recipient) claim identifying the verifying PDP, which the PDP MUST verify, so the value cannot be replayed to a different PDP that shares the signer's key. A PDP that cannot resolve the signer's key, or resolves it to a key not trusted for the claimed `iss`, MUST reject the `approval.state`. This `jwks_uri` is symmetric across both directions: the Access Request Service verifies PDP-signed denial binding from it, and the PDP verifies Access-Request-Service-signed approval state from it.
REQ-241	S4-013	Completion Semantics	826	keyword	PDP/ARS	-	The approval record or binding material MUST contain, or let the PDP determine, id, task, denial, Subject, scope, status, expiry, revocation state	-	8	8	stay	no	core	plan Section 8 attaches the G6 editor's note (requester and client binding) to 826 - independent confirmation of dest 8	The approval record or verifiable binding material MUST contain, or allow the PDP to determine, at least the approval identifier, Access Request task identifier, original denied evaluation identifier when available, approved Subject, approved Resource and Action or approval scope, requester and client binding, approval status, `approved_at` when available, `approved_until`, and any revocation or cancellation state.
REQ-242	S4-014	Completion Semantics	828	keyword	PEP	Re-evaluation Mode	MUST include the `approval` object unchanged at `context.approval` in the AuthZEN re-evaluation request	-	8	8	stay	no	core	restated by the PEP conformance bullet at 1068; consolidation rejected - Section 10 is a deliberate summary and the pair is not in plan Section 6	The PEP MUST include the `approval` object unchanged at `context.approval` inside the AuthZEN Authorization API re-evaluation request. The PDP receives the same `approval` shape it produced (id, timestamps, and any `state`) and uses it to identify and verify the approval.
REQ-243	S4-015	Completion Semantics	830	keyword	PDP	re-evaluation carrying an approval reference	MUST evaluate the new request using current policy and the approval reference; MAY still deny	-	8	8	stay	no	core	the MAY-deny sentence is the antecedent for the denial guidance at 832-848	The PDP MUST evaluate the new request using current policy and the approval reference. The PDP MAY still deny access if policy, subject, resource, action, context, approval lifetime, or risk state no longer permits access.
REQ-244	S4-016	Completion Semantics	832	keyword	PDP	PDP denies a re-evaluation that presented an `approval` reference	SHOULD tell the PEP what to do next, using the Decision Context members defined below	-	8	8	stay	no	core	lead-in to the member list at 834-848	When the PDP denies a re-evaluation that presented an `approval` reference, it SHOULD tell the PEP what to do next so the PEP reacts correctly instead of blindly retrying. The PDP conveys this with the following Decision Context members:
REQ-245	S4-017	Completion Semantics	834	keyword	PDP	denied re-evaluation	`next_action` RECOMMENDED string; one of `request`, `retry`, `none`; the durable interoperability surface	-	8	8	stay	no	definition	one unit with 834-839 (sub-bullets 835-837 plus the trailing paragraph 839); relocates whole	* `next_action`: RECOMMENDED. String. The action the PEP should take, and the durable interoperability surface. One of:
REQ-246	S4-018	Completion Semantics	835	keyword	PDP	`next_action` is `request`	MUST also include a fresh `context.access_request` ({{requestable-denial-context}}) so the PEP has a valid requestable-denial signal	-	8	8	stay	no	definition	one unit with 834-839; relocates whole; cites the section going to 5	* `request`: submit a new Access Request. The PDP MUST also include a fresh `context.access_request` ({{requestable-denial-context}}) so the PEP has a valid requestable-denial signal for the new submission.
REQ-247	S4-043	Completion Semantics	836	keyword-free	PEP	`next_action` is `retry`	Defines the `retry` value: re-evaluate the same request after a delay; the denial is expected to be transient	-	8	8	stay	no	definition	one unit with 834-839; relocates whole; must not be moved independently of 834	* `retry`: re-evaluate the same request after a delay; the denial is expected to be transient.
REQ-248	S4-044	Completion Semantics	837	keyword-free	PEP	`next_action` is `none`	Defines the `none` value: do not retry or re-request; the denial is terminal for this approval	-	8	8	stay	no	definition	one unit with 834-839; relocates whole; must not be moved independently of 834	* `none`: do not retry or re-request; the denial is terminal for this approval.
REQ-249	S4-019	Completion Semantics	839	keyword	PEP	re-evaluation denial received	MUST act on `next_action` when recognized; when absent or unrecognized, falls back to the default for a recognized `reason`, then to the requestable-denial signal: treats the denial as `request` only when `context.access_request` is present, otherwise as `none`	-	8	8	stay	no	core	one unit with 834-839; relocates whole; states the fallback order (reason default, then requestable-denial signal)	A PEP MUST drive its behavior from `next_action` when the value is recognized. A PEP that receives `next_action: "request"` without `context.access_request` MUST NOT submit a new Access Request and treats the denial as `none`. A PEP that receives no `next_action`, or an unrecognized value, falls back first to the default next action for a recognized `reason`, then to the requestable-denial signal. When the fallback action is `request`, the PEP treats the denial as `request` only when `context.access_request` is present; otherwise it treats the denial as `none`.
REQ-250	S4-020	Completion Semantics	840	keyword	PDP	`next_action` is `retry`	`retry_after` RECOMMENDED integer seconds before the PEP re-evaluates; delta-seconds semantics of {{RFC9110}} `Retry-After`	-	8	8	stay	no	definition	one unit with 834-839; also binds PEP (SHOULD back off with jitter, MUST stop once the approval expires); not split, both dest 8	* `retry_after`: RECOMMENDED when `next_action` is `retry`. Integer. Number of seconds the PEP waits before re-evaluating the same request. This has the same value semantics as the delta-seconds form of the HTTP `Retry-After` field (Section 10.2.3 of {{RFC9110}}), but is carried in the Decision Context because the Access Evaluation response itself is a successful protocol response. A PEP that receives `next_action: "retry"` without `retry_after` SHOULD apply bounded exponential backoff with jitter, starting at several seconds and growing to no more than one minute between attempts, and MUST stop retrying once the approval expires.
REQ-251	S4-021	Completion Semantics	841	keyword	PDP	denied re-evaluation	`reason` OPTIONAL string machine-readable reason code; the profile defines the well-known codes listed at 842-846	-	8	8	stay	no	definition	one unit with 841-848 (five sub-bullets plus the trailing paragraph); relocates whole; registry duplicate at 1394-1398	* `reason`: OPTIONAL. String. A machine-readable reason code for UX and audit. This profile defines the following well-known re-evaluation denial reason codes with their default `next_action`:
REQ-252	S4-045	Completion Semantics	842	keyword-free	Definition	-	Defines reason code `approval_expired`, default `next_action` `request`: approval expired, revoked, cancelled, or superseded	-	8	8	stay	no	definition	one unit with 841-848; plan Section 6: the definition survives here and the registry Description column at 1394 points to Section 8 | 2nd reader: A1 keeps both definitions; A2 may make the registry Description column point to Section 8	* `approval_expired` (`request`): the approval is no longer valid because `approved_until` has passed or it was revoked, cancelled, or superseded.
REQ-253	S4-046	Completion Semantics	843	keyword-free	Definition	-	Defines reason code `out_of_scope`, default `next_action` `request`: approval valid but the evaluation falls outside its scope	-	8	8	stay	no	definition	one unit with 841-848; plan Section 6: definition survives here, registry Description at 1395 merges | 2nd reader: A1 keeps both definitions; A2 may make the registry Description column point to Section 8	* `out_of_scope` (`request`): the approval is valid but the current evaluation falls outside its approval scope.
REQ-254	S4-047	Completion Semantics	844	keyword-free	Definition	-	Defines reason code `grant_pending`, default `next_action` `retry`: backing entitlement, role, or grant not yet present	-	8	8	stay	no	definition	one unit with 841-848; plan Section 6: definition survives here, registry Description at 1396 merges | 2nd reader: A1 keeps both definitions; A2 may make the registry Description column point to Section 8	* `grant_pending` (`retry`): the approval is valid and in scope, but the backing entitlement, role, or grant is not yet present (for example, provisioning has not completed).
REQ-255	S4-048	Completion Semantics	845	keyword-free	Definition	-	Defines reason code `policy_denied`, default `next_action` `none`: current policy, subject status, or risk state denies the request	-	8	8	stay	no	definition	one unit with 841-848; plan Section 6: definition survives here, registry Description at 1397 merges | 2nd reader: A1 keeps both definitions; A2 may make the registry Description column point to Section 8	* `policy_denied` (`none`): the approval is valid and in scope, but current policy, subject status, or risk state denies the request; re-requesting will not help.
REQ-256	S4-049	Completion Semantics	846	keyword-free	Definition	-	Defines reason code `approval_unverifiable`, default `next_action` `none`: reference could not be resolved, verified, or bound	-	8	8	stay	no	definition	one unit with 841-848; plan Section 6: definition survives here, registry Description at 1398 merges | 2nd reader: A1 keeps both definitions; A2 may make the registry Description column point to Section 8	* `approval_unverifiable` (`none`): the presented `approval.id` or `approval.state` could not be resolved or verified, or its binding did not match.
REQ-257	S4-022	Completion Semantics	848	keyword	Implementation	-	MAY register additional reason codes; a registered default applies only when `next_action` is absent or unrecognized	-	8	8	stay	no	definition	one unit with 841-848; also binds PEP (unrecognized `reason` is informational); registry is {{iana-reeval-reasons}} in Section 25	Implementations MAY register additional reason codes (for example, a more specific `approval_revoked`); a PEP uses a recognized `reason`'s registered default only when `next_action` is absent or unrecognized. A PEP treats an unrecognized `reason` as informational and relies on `next_action` or the fallback rule above. These codes are registered in the AuthZEN Access Request Re-evaluation Denial Reason registry ({{iana-reeval-reasons}}).
REQ-258	S4-023	Completion Semantics	850	keyword	PDP	during re-evaluation	MUST check current approval status, including revocation, cancellation, supersession, or other invalidation before `approved_until`	-	8	8	stay	no	core	plan Section 8 attaches editor's notes G3 and G9 after 850 - independent confirmation of dest 8	The PDP MUST check current approval status during re-evaluation, including whether the approval has been revoked, cancelled, superseded, or otherwise invalidated before `approved_until`. The `approved_until` timestamp is a PEP-side maximum reuse and enforcement bound; it does not prevent the PDP from denying earlier because of revocation, cancellation, policy change, risk change, or other current state.
REQ-259	S4-024	Completion Semantics	852	keyword	PEP	re-evaluation response indicates an approval expiry, typically `context.approval.approved_until`	MUST NOT enforce past that timestamp and MUST bound downstream credential lifetimes by the earlier expiry	-	8	8	stay	no	core	plan Section 4 names 852 as staying; the OAuth issuance sentence is a sub-case of the same PEP rule, not a separate unit; register item G9	When the re-evaluation response indicates an approval expiry (typically as `context.approval.approved_until`), the PEP MUST NOT enforce access past that timestamp. PEPs that issue downstream credentials on the basis of the approved evaluation (for example, an OAuth Authorization Server issuing access tokens) MUST bound the lifetime of those credentials by the earlier of the approval expiry in the Approval Result and any approval expiry returned by the PDP during re-evaluation.
REQ-260	S4-071	Completion Semantics	854	keyword-free	Definition	original submission carried an `items` array	Describes per-item re-evaluation carrying each item's `result.approval` at `context.approval`; states that no aggregate re-evaluation is defined	-	14	14	move	no	feature	plan Section 4 Completion Semantics row: bulk per-item rules (801, 854) go to 14; keyword-free so the extraction script missed it; pairs with S4-002, which carries the MUST and is actor ARS	When the original submission carried an `items` array, the PEP re-evaluates each approved item separately, including that item's `result.approval` at `context.approval` in the item's re-evaluation request as described above.  This profile does not define an aggregate re-evaluation that covers multiple items in one AuthZEN Authorization API call.
REQ-261	S4-050	Completion Semantics	856	keyword-free	Editor	-	Non-normative: approvals in this mode typically cover a class of future evaluations, which is where the high-volume benefit lives	-	8	8	stay	no	non-normative	plan Section 4 lists 856 among the lines that stay; it motivates the broadened-scope mechanics whose rules (861, 863) go to 13, so PR A1 should leave a pointer	Approval results in this mode typically cover a class of future evaluations rather than a single submission.  An approval that grants the requester an entitlement, role, scope, or other persistent state causes subsequent AuthZEN Authorization API evaluations matching that state to succeed without further Access Requests.  Deployments serving high-volume callers, such as autonomous agents that discover and request many fine-grained permissions over time, rely on this property: a single broad-scope approval (for example, one that grants access to a class of resources for a defined duration) reduces the number of denial-and-approval cycles by orders of magnitude.
REQ-262	S4-051	Completion Semantics	858	keyword-free	Definition	-	Defines approval scope and states that the profile defines only one portable baseline, leaving broader matching to deployments and profiles	-	8	8	stay	no	definition	plan Section 5 keyword-free list: the approval-scope definition (858); lead-in to the two bullets at 860 (stays in 8) and 861 (goes to 13), so the list splits	An Approval Result is associated with an approval scope: a description of the class of future Access Evaluations for which the approval may be considered.  This specification does not define a general approval-scope matching language.  It defines one portable baseline and leaves broader matching to deployments and downstream profiles:
REQ-263	S4-025	Completion Semantics	860	keyword	PDP	matching an evaluation against the default approval scope	Exact member-by-member match of Subject, Resource, Action, and authorization-relevant Context; independent pairs MUST interoperate on this baseline	`subject.properties.act` is excluded because the PEP MAY normalize the actor to `client.actor`	8	8	stay	no	core	plan Section 4 collision list: whole item stays in 8 and Section 6 cross-references the `act` clause; consolidation with 1180 withdrawn (different actors); last sentence binds the ARS in the bound-reference topology - not split, dest 8	* Exact-match baseline (interoperable). The default approval scope is the original denied Subject, Resource, Action, and authorization-relevant Context bound to the Access Request. An evaluation is within this scope when its Subject, Resource, Action, and authorization-relevant Context are equal, member by member, to the bound values, using the same structural comparison and authorization-relevant Context set as denial binding. Subject, Resource, and Action comparison includes the full AuthZEN Authorization API objects, including any `properties` members present in the bound values, except that `subject.properties.act` is excluded because the PEP MAY normalize the actor to `client.actor` ({{delegation}}). This baseline is engine-neutral, and two independently implemented PDP and Access Request Service pairs MUST interoperate on it. In the bound-reference topology, where the verifying PDP does not share recorded state with the Access Request Service, the verifiable approval material (for example, a `binding_context_members`-equivalent claim in `approval.state`) MUST convey the authorization-relevant Context member set so the PDP applies the same set.
REQ-264	S4-052	Completion Semantics	861	keyword-free	Deployment	deployment or downstream profile broadens the approval scope	Broadened-scope representation and matching are deployment-specific or profile-defined; this profile does not define context-constraint matching	-	13	8	stay	no	feature	plan Section 4 collision list: 861 and 863 go to 13 while 860, 858, 865, 867 stay; sibling bullet 860 stays, so PR A1 must leave a pointer at 858 | A1 list rule: stays with its lead-in in 8; A2 moves it to 13 after rewording the lead-in	* Broadened scope (deployment-defined).  Broader approvals (a class of resources, a role or entitlement, a time-bounded tool class) are where the broad-approval benefit lives, but their matching is not portable across policy engines.  Broadened-scope representation and matching are deployment-specific or defined by downstream profiles.  This profile deliberately does not define context-constraint matching.
REQ-265	S4-053	Completion Semantics	863	keyword-free	ARS	-	Approval workflow policy determines how broad an approval grants; the profile does not constrain it beyond integrity, expiry, and audit requirements	-	13	13	move	no	feature	plan Section 4 collision list: 863 goes to 13 with 861	Approval workflow policy at the Access Request Service determines how broad an approval grants; this profile does not constrain that policy beyond the integrity, expiry, and audit requirements stated elsewhere.
REQ-266	S4-054	Completion Semantics	865	keyword-free	PDP/ARS	no broader or narrower approval scope is recorded	Default approval scope is the bound Subject, Resource, Action, and relevant Context; per item for a bundled request	not serialized in the Approval Result unless a profile or deployment defines a representation	8	8	stay	no	definition	plan Section 5 keyword-free list: the approval-scope default (865); the middle sentence is a bulk rule but the unit stays whole in 8 by precedence rule 4 - second reader should confirm 14 cross-references it	Unless the Access Request Service or PDP records a broader or narrower approval scope, the default approval scope is the original denied Subject, Resource, Action, and relevant Context bound to the Access Request.  For a bundled Access Request, the default approval scope for each approved item is that item's Subject, Resource, Action, and relevant Context.  This default scope is not serialized in the Approval Result unless a profile or deployment defines a representation for it.
REQ-267	S4-026	Completion Semantics	867	keyword	PDP	-	MUST only consider an Approval Result applicable when the current evaluation is within the approval scope recorded for it	-	8	8	stay	no	core	plan Section 4: 867 stays; depends on the scope definition at 858 and the default at 865	The PDP MUST only consider an Approval Result applicable when the current evaluation request is within the approval scope recorded for that Approval Result.
REQ-268	S4-027	Completion Semantics	869	keyword	PEP	-	MUST NOT treat an Approval Result as authorizing future evaluations; MAY include or cache it but MUST NOT infer coverage	unless directed by the PDP or by a profile-defined mechanism	8	8	stay	no	core	restated by the PEP conformance bullet at 1070; consolidation rejected - Section 10 summary, not in plan Section 6	A PEP MUST NOT treat an Approval Result as authorizing any future Access Evaluation solely on the basis that the Access Request was approved. A PEP MAY include the Approval Result in a subsequent Access Evaluation (by placing the `approval` object at `context.approval` as described above), but the PDP remains responsible for determining whether the Approval Result applies under current policy. A PEP MAY cache or retain an Approval Result, but MUST NOT independently infer that a future request is covered by that approval unless directed by the PDP or by a profile-defined mechanism.
REQ-269	S4-028	Completion Semantics	871	keyword	Deployment	PDP and Access Request Service share trusted state	MAY omit `approval.state` and have the PDP resolve `approval.id` by server-side lookup	-	8	8	stay	no	non-normative	example intro; first two sentences are editorial (the portable form); the MAY describes the shared-state alternative but the unit is the example lead-in and stays with the example in 8	The following non-normative example carries an integrity-protected `approval.state` (here a compact JWS signed by the Access Request Service), which the PDP verifies at re-evaluation. This is the portable form: it works whether or not the PDP and Access Request Service share state, and a PDP coding to it has verifiable binding material rather than a bare identifier. A deployment in which the PDP and Access Request Service share trusted state MAY instead omit `approval.state` and have the PDP resolve `approval.id` by server-side lookup.
REQ-270	S4-058	Completion Semantics	873-912	keyword-free	Editor	-	Non-normative re-evaluation request and response examples (JSON code blocks)	-	8	8	stay	no	non-normative	added so the example block is in the line map; the `approval.state` token omits the `iss` and `aud` that 824 makes MUST - register item G15, not fixed by PR A (plan Section 9)	Non-normative re-evaluation request: [JSON] / Non-normative re-evaluation response: [JSON]
REQ-271	S4-029	Callback Completion	916	keyword	PEP	-	MAY request callback notification by including a `callback` object in the Access Request submission	-	16	16	stay	no	feature	Callback Completion maps to 16, so dest 16 is `stay` under the brief's definition	A PEP MAY request callback notification by including a `callback` object in the Access Request submission.
REQ-272	S4-061	Callback Completion	918	keyword-free	Definition	-	Lead-in: the `callback` object has the following members (`endpoint`, `state`, `events`)	-	16	16	stay	no	definition	definition-list lead-in; travels with the three member entries at 920-927	The `callback` object has the following members:
REQ-273	S4-030	Callback Completion	920-921	keyword	ARS	PEP supplies a `callback` object	`endpoint` REQUIRED HTTPS URI; MUST validate it is authorized for the PEP and MUST reject internal or loopback destinations	unless the deployment explicitly allowlists that destination	16	16	stay	no	feature	plan Section 6: 1258 restates 921 and 931; wording here survives; dest 16 either way; the last sentence is rationale for the allowlist exception | 2nd reader: survivor; absorbs the ARS destination-validation sentence of 1258 | round 2: no longer a survivor of a consolidation; 1258 moves whole in A1 | round 2: no longer a survivor of a consolidation; 1258 moves whole in A1	`endpoint`: : REQUIRED. HTTPS URI to which the Access Request Service sends completion notifications. The Access Request Service MUST validate that the endpoint is authorized for the authenticated PEP, either by matching a pre-registered callback URI or by applying an explicit deployment allowlist. The Access Request Service MUST reject callback endpoints that resolve to loopback, link-local, private-use, or otherwise internal network addresses unless the deployment has explicitly allowed that destination. In-cluster or same-trust-domain deployments, where the PEP's callback endpoint is legitimately an internal address, permit those specific destinations through this explicit allowlist rather than by disabling the check; the secure default of blocking internal destinations protects internet-facing Access Request Services from server-side request forgery.
REQ-274	S4-031	Callback Completion	923-924	keyword	PEP	PEP supplies a `callback` object	`state` OPTIONAL opaque value supplied by the PEP and returned unmodified in the callback	-	16	16	stay	no	definition	the return-unmodified clause binds the Access Request Service in the same sentence; not split, both actors dest 16	`state`: : OPTIONAL. Opaque value supplied by the PEP and returned unmodified in the callback.
REQ-275	S4-032	Callback Completion	926-927	keyword	PEP	PEP supplies a `callback` object	`events` OPTIONAL array of event names: `approved`, `denied`, `expired`, `cancelled`, `failed`, `partial`	-	16	16	stay	no	definition	enumerated values; `partial` presupposes the bulk feature but the definition stays with the callback member in 16	`events`: : OPTIONAL. Array of event names requested by the PEP. Defined event names are `approved`, `denied`, `expired`, `cancelled`, `failed`, and `partial`.
REQ-276	S4-033	Callback Completion	929	keyword	ARS	sending a callback notification	MUST contain a `task` member, MAY contain a `result`, and any `result` MUST use a completion form from {{completion-semantics}}	-	16	16	stay	no	feature	also binds PEP: MUST retrieve the Task Status Endpoint response before enforcing when the callback carries no enforceable result; plan Section 6 explicitly excludes 929 from the 1258 set	Callback notifications MUST contain a `task` member and MAY contain a `result` member. When present, the `result` object MUST use one of the completion forms defined in {{completion-semantics}}. A callback whose `task.status` is `approved` but that does not contain an enforceable `result` is only a notification; the PEP MUST retrieve the Task Status Endpoint response before enforcing access.
REQ-277	S4-034	Callback Completion	931	keyword	ARS	delivering a callback	MUST authenticate to the callback endpoint; SHOULD use bearer token, mutual TLS, or HMAC; unauthenticated callbacks MUST NOT be accepted	-	16	16	stay	no	feature	plan Section 6: 1258 restates 921 and 931; wording here survives; the final MUST NOT binds the PEP as receiver - not split, both dest 16 | 2nd reader: survivor; absorbs the ARS authentication sentence of 1258 | round 2: no longer a survivor of a consolidation; 1258 moves whole in A1 | round 2: no longer a survivor of a consolidation; 1258 moves whole in A1	The Access Request Service MUST authenticate to the callback endpoint using a mechanism agreed between the PEP and Access Request Service. This specification does not mandate a single callback authentication mechanism, but implementations SHOULD use one of the following: an OAuth 2.0 bearer token {{RFC6750}} issued to the Access Request Service, mutual TLS, or an HMAC signature over the request body using a pre-shared key. Unauthenticated callbacks MUST NOT be accepted.
REQ-278	S4-062	Callback Completion	933	keyword-free	PEP	callback received	Callback delivery is a notification optimization; the Task Status Endpoint remains authoritative unless the callback carries an enforceable completion result	-	16	16	stay	no	feature	keyword-free but states the authority default; pairs with 929, which carries the MUST; second reader may prefer to consolidate 933 into 929 - not marked, it is not in plan Section 6	Callback delivery is a notification optimization.  The Task Status Endpoint remains authoritative unless the callback contains an enforceable completion result under {{completion-semantics}}.
REQ-279	S4-035	Callback Completion	935	keyword	Implementation	deployment relies on deployment-level event subscriptions instead of per-task callbacks	MAY satisfy notification that way and the PEP MAY omit `callback`; subscriptions MUST NOT be treated as enforcement	unless paired with a separate enforceable result	16	16	stay	no	feature	plan Section 4 also routes the Protocol Overview events paragraph (192) to 16; keep them adjacent	Implementations MAY satisfy completion notification through deployment-level event subscriptions (for example, organization-scoped webhooks or event-streaming bindings defined by companion specifications) rather than per-task callbacks. When a deployment relies on such a subscription, the PEP MAY omit the `callback` member from the Access Request submission. Deployment-level event subscriptions deliver the same Task Handle and lifecycle information to subscribed receivers; they are a notification channel and MUST NOT be treated as enforcement unless paired with a separate enforceable result.
REQ-280	S4-059	Callback Completion	937-953	keyword-free	Editor	-	Non-normative callback example (notification-only, no `result`)	-	16	16	stay	no	non-normative	added so the example block is in the line map; illustrates the 929 rule	Non-normative callback example.  This callback is notification-only because it does not include a `result`; the PEP polls the Task Status Endpoint before enforcing access. [HTTP example]
REQ-281	S4-036	Error Responses	957	keyword	ARS	returning an HTTP error of a problem type defined by this specification from the Access Request or Task Status Endpoint	MUST use `application/problem+json` ({{RFC9457}}) and MUST carry the problem type URI in `type`	-	9	9	stay	no	core	Error Responses maps to 9, so dest 9 is `stay`; lead-in to the seven type definitions at 961-980	HTTP error responses from the Access Request Endpoint and Task Status Endpoint MUST use `application/problem+json` as defined by {{RFC9457}} when returning one of the problem types defined by this specification. The problem type URI MUST appear in the `type` member.
REQ-282	S4-063	Error Responses	959	keyword-free	Definition	-	Lead-in: the following problem types are defined	-	9	9	stay	no	definition	definition-list lead-in; travels with the seven entries at 961-980	The following problem types are defined:
REQ-283	S4-064	Error Responses	961-962	keyword-free	Definition	-	`urn:openid:authzen:access-request:error:not_requestable`: HTTP 400; the submitted denial is not requestable	-	9	9	stay	no	definition	problem-type definition (plan Section 5 keyword-free list, 955-995); the example at 982-994 uses this type	`urn:openid:authzen:access-request:error:not_requestable`: : HTTP `400 Bad Request`.  The submitted denial is not requestable.
REQ-284	S4-065	Error Responses	964-965	keyword-free	Definition	-	`...:expired_denial`: HTTP 410; the freshness deadline (earlier of `denial.expires_at` and `binding_token` `exp`) has passed	-	9	9	stay	no	definition	problem-type definition; encodes the freshness deadline rule also stated at 1196/1198 (register item G10) - definitions differ in form, not consolidated	`urn:openid:authzen:access-request:error:expired_denial`: : HTTP `410 Gone`.  The requestable denial has expired: the freshness deadline (the earlier of `denial.expires_at` and any `binding_token` `exp`) has passed.
REQ-285	S4-066	Error Responses	967-968	keyword-free	Definition	-	`...:invalid_denial_binding`: HTTP 400; the submitted Access Request cannot be bound to the denied AuthZEN Decision	-	9	9	stay	no	definition	problem-type definition; cited by the denial-binding rules that go to 5, 6, and 12	`urn:openid:authzen:access-request:error:invalid_denial_binding`: : HTTP `400 Bad Request`.  The submitted Access Request cannot be bound to the denied AuthZEN Decision.
REQ-286	S4-067	Error Responses	970-971	keyword-free	Definition	-	`...:duplicate_request`: HTTP 409; `Idempotency-Key` reused by the same requester with a non-equivalent body	-	9	9	stay	no	definition	problem-type definition; cross-references {{access-request-submission}} which goes to 6 (idempotency default per plan Section 4 row for Section 15)	`urn:openid:authzen:access-request:error:duplicate_request`: : HTTP `409 Conflict`.  The `Idempotency-Key` was reused by the same requester with a submission body that is not equivalent to the original request (see {{access-request-submission}}).
REQ-287	S4-068	Error Responses	973-974	keyword-free	Definition	-	`...:unknown_task`: HTTP 404; the task handle is unknown or unavailable to the caller	-	9	9	stay	no	definition	problem-type definition; supports the Task Handle leakage rules that go to 7	`urn:openid:authzen:access-request:error:unknown_task`: : HTTP `404 Not Found`.  The task handle is unknown or unavailable to the caller.
REQ-288	S4-069	Error Responses	976-977	keyword-free	Definition	-	`...:task_expired`: HTTP 410; the task handle has expired	-	9	9	stay	no	definition	problem-type definition; pairs with `task.expires_at` in Section 7	`urn:openid:authzen:access-request:error:task_expired`: : HTTP `410 Gone`.  The task handle has expired.
REQ-289	S4-070	Error Responses	979-980	keyword-free	Definition	-	`...:invalid_task_state`: HTTP 409; the operation cannot be performed in the current task state	-	9	9	stay	no	definition	problem-type definition; cited by the cancellation rules at 781 and 787, which go to 17 and 14 - the type definition stays in 9	`urn:openid:authzen:access-request:error:invalid_task_state`: : HTTP `409 Conflict`.  The requested operation cannot be performed in the current task state (for example, cancellation of a task that has already reached a terminal status).
REQ-290	S4-060	Error Responses	982-994	keyword-free	Editor	-	Non-normative `application/problem+json` example for `not_requestable`	-	9	9	stay	no	non-normative	added so the example block is in the line map	Non-normative example: [HTTP 400 problem+json example]
REQ-291	S5-060	Extensibility and Profiles	998	keyword-free	Editor	-	Non-normative framing: the base wire format is intentionally extensible for profiles and deployments	-	21	21	stay	no	non-normative	-	This specification defines a base wire format.  Several of its objects are intentionally extensible so that profiles, deployments, and implementations can adapt the model to specific upstream protocols, governance platforms, and request user interfaces without breaking interoperability.
REQ-292	S5-001	Extensibility and Profiles	1002	keyword	Implementation	-	Additional members MAY appear only at the listed extension points and MUST follow {{extension-naming}}	No other members extensible without a revision or a profile that explicitly redefines them	21	21	stay	no	core	-	Additional members beyond those defined in this document MAY appear only at the following locations, and those members MUST follow the naming rules in {{extension-naming}}. No other object members may be extended without a revision of this specification or a profile that explicitly redefines them.
REQ-293	S5-061	Extensibility and Profiles	1004-1013	keyword-free	Definition	-	Enumerates the ten permitted extension points that the MAY at 1002 admits	-	21	21	stay	no	definition	enumerated object of S5-001; one unit under the plan's enumeration precedent (634-657)	List of extension points: context.access_request; context.access_request.display; Decision Context members defined by this profile; submission context; requested_access; client, client.actor, client.source; task.display; task.links; result and per-mode additions; approval.state.
REQ-294	S5-062	Extensibility and Profiles	1015-1019	keyword-free	Definition	-	Enumerates the three extensible enumerated-value sets: task.status, result.mode, and problem types	-	21	21	stay	no	definition	cross-refs {{task-status}} (dest 7), {{completion-semantics}} (dest 8), {{error-responses}} (dest 9)	This specification also defines extensibility for enumerated values: new values for task.status ({{task-status}}); new values for result.mode ({{completion-semantics}}); new problem types for RFC9457-style error responses ({{error-responses}}).
REQ-295	S5-002	Extensibility and Profiles	1021	keyword	Profile	when a specification defines new task.status, result.mode, or problem-type values	SHOULD define stable names or URIs and processing rules; profile result.mode values SHOULD use absolute URIs	short unqualified result.mode names reserved for this spec or a future registry	21	21	stay	no	core	no registry created here; cross-refs {{task-status}} (7), {{completion-semantics}} (8), {{error-responses}} (9)	This specification does not create registries for these enumerated values. Specifications that define new values for `task.status`, `result.mode`, or problem types SHOULD define stable names or URIs and processing rules for those values. Short, unqualified names for `result.mode` are reserved for values defined by this base specification or by a future registry; profile-defined `result.mode` values SHOULD use absolute URIs unless such a registry exists.
REQ-296	S5-003	Extensibility and Profiles	1025	keyword	Implementation	when a member name or value is added at an extension point	MUST be a registered name, an absolute URI, or a reverse-DNS-prefixed identifier	approval.state contents exempt (1031)	21	21	stay	no	core	enumerated options are 1027, 1028 (S5-004), 1029	A member name or value added at an extension point MUST be one of the following:
REQ-297	S5-063	Extensibility and Profiles	1027	keyword-free	Definition	-	Defines option 1 of the naming rule: a name registered in the AuthZEN Access Request Member Names registry	-	21	21	stay	no	definition	numbered item 1 of the 1025 list (S5-003); registry is {{iana-member-names}} (dest 25)	1. A name registered in the AuthZEN Access Request Member Names registry ({{iana-member-names}}).  Registry-eligible names are short, lowercase, snake_case identifiers carrying semantics that are useful across multiple implementations.
REQ-298	S5-004	Extensibility and Profiles	1028	keyword	Profile	member is profile-specific and not appropriate for the registry	MUST be an absolute URI (HTTPS or URN); profiles SHOULD use a stable URI under the change controller	-	21	21	stay	no	core	numbered item 2 of the 1025 list	2. An absolute URI (HTTPS or URN) when the member is profile-specific and not appropriate for the registry. Profiles SHOULD use a stable URI under the profile's change controller.
REQ-299	S5-064	Extensibility and Profiles	1029	keyword-free	Definition	-	Defines option 3 of the naming rule: a reverse-DNS-prefixed identifier for deployment-private members	-	21	21	stay	no	definition	numbered item 3 of the 1025 list (S5-003)	3. A reverse-DNS-prefixed identifier (for example, `vendor.example.com/foo`) when the member is private to a single deployment and not intended for cross-implementation use.
REQ-300	S5-065	Extensibility and Profiles	1031	keyword-free	Definition	-	approval.state contents are opaque and exempt from the member naming rules	unless a profile or deployment explicitly defines structure within approval.state	21	21	stay	no	definition	carve-out from S5-003; approval.state itself defined at 809 (dest 8)	The contents of `approval.state` are opaque to this specification and are not subject to the member naming requirements above unless a profile or deployment explicitly defines structure within `approval.state`.
REQ-301	S5-005	Extensibility and Profiles	1035	keyword	Implementation	on receiving an unrecognized member or value at an extension point	MUST ignore it and MUST NOT fail processing on the basis of the unrecognized name	does not override fail-safe rules such as unknown result.mode treated as not approved	21	21	stay	no	core	cites {{pep-processing-rules}} for 1067; pointer must retarget to 10 after the move	An implementation receiving a member or value it does not recognize at an extension point MUST ignore it and MUST NOT fail processing on the basis of the unrecognized name. This default does not override fail-safe rules defined elsewhere in this profile, such as the PEP rule in {{pep-processing-rules}} that treats unknown `result.mode` values as not approved rather than as ignorable. An implementation MAY surface unrecognized members in audit records or pass them through unchanged when echoing wire content (for example, in callbacks).
REQ-302	S5-066	Extensibility and Profiles	1039	keyword-free	Definition	-	Defines what a profile of this specification is, with three illustrative examples	-	21	21	stay	no	definition	-	A profile of this specification is a separate document that defines a coherent set of extensions for a particular use case.  Examples include a profile binding this specification to OAuth 2.0 token requests, a profile carrying Rich Authorization Requests {{?RFC9396}}, or a profile describing integration with a specific governance platform.
REQ-303	S5-006	Extensibility and Profiles	1041	keyword	Profile	-	SHOULD identify itself by URI, specify extension points, register names, define semantics, enumerate constraints	-	21	21	stay	no	core	the five items are 1043-1047 (S5-067)	A profile SHOULD:
REQ-304	S5-067	Extensibility and Profiles	1043-1047	keyword-free	Profile	-	The five items a profile SHOULD do: identify by URI, specify extension points, register names, define semantics, enumerate constraints	-	21	21	stay	no	definition	content of the SHOULD at 1041 (S5-006); moves with it	Identify itself with a stable URI.  Specify the extension points it populates and the member names or enumerated values it introduces.  Register registry-eligible member names.  Define semantics, validation rules, and any normative requirements.  Enumerate any constraints it places on base-specification members or behaviors.
REQ-305	S5-068	Extensibility and Profiles	1049	keyword-free	Definition	-	Defines profile conformance as the presence and processing of registered or namespaced members; no declarative negotiation	-	21	21	stay	no	definition	-	This base specification does not enumerate profiles.  Conformance to a profile is determined by the presence and processing of the profile's registered or namespaced members; this specification does not require declarative profile negotiation.
REQ-306	S5-069	PEP Processing Rules	1053	keyword-free	PEP	-	List lead-in scoping the bullets that follow to a PEP implementing this profile	-	10	10	stay	no	core	all PEP bullets go to 10, so the lead-in travels intact; anchor {#pep-processing-rules} (1051) goes to 10 and is cited from 1035	A PEP implementing this profile:
REQ-307	S5-007	PEP Processing Rules	1055	keyword	PEP	Decision Context contains an access_request object	MUST treat decision: false as a denial	-	10	10	stay	no	core	restates 229 (dest 5) and 1155/188 (dest 1); Part I under either destination	* MUST treat `decision: false` as a denial, even when the Decision Context contains an `access_request` object.
REQ-308	S5-008	PEP Processing Rules	1056	keyword	PEP	denied Decision lacks a context.access_request object	MUST NOT submit an Access Request	-	10	10	stay	no	core	restates 413 (dest 6) and 229 (dest 5)	* MUST NOT submit an Access Request unless the denied Decision contains a `context.access_request` object.
REQ-309	S5-009	PEP Processing Rules	1057	keyword	PEP	when submitting an Access Request	MUST use denial-context endpoint when present, otherwise access_request_endpoint from PDP metadata	-	10	10	stay	no	core	restates 234 (dest 5); endpoint identification also at 327 (dest 6)	* MUST use the `endpoint` from the denial context when present; otherwise it MUST use the `access_request_endpoint` from PDP metadata.
REQ-310	S5-010	PEP Processing Rules	1058	keyword	PEP	when submitting the Access Request	MUST preserve Subject principal, Resource, Action, relevant Context; actor identity MUST NOT be dropped	actor MAY be normalized to client.actor instead of kept in subject	10	10	stay	no	encounter-rule	plan S3 names 1058 as Part I; tuple defined at 336-342 and 353 (dest 6); actor clause duplicated at 1131 (S5-055)	* MUST preserve the principal identity of the Subject, and MUST preserve the Resource, Action, and relevant Context of the denied evaluation when submitting the Access Request. When the original evaluation conveyed an actor identity in the Subject (for example, via `subject.properties.act`), the PEP MAY preserve the actor in the submission's `subject` or normalize it to `client.actor`; the actor identity itself MUST NOT be dropped.
REQ-311	S5-011	PEP Processing Rules	1059	keyword	PEP	requestable denial includes request_schema_url	MUST construct the context and requested_access augmentations per {{machine-readable-forms}}, or MUST NOT submit	-	10	10	stay	no	encounter-rule	feature defined at 306-313 (dest 20) but plan S3 and the 306 row keep 1059 in Part I; precedence rule 2	* When the requestable denial includes `request_schema_url`, MUST construct the augmentations to the submission's `context` and `requested_access` objects according to {{machine-readable-forms}}, or MUST NOT submit the Access Request if the required augmentations cannot be supplied.
REQ-312	S5-012	PEP Processing Rules	1060	keyword	PEP	when submitting an Access Request	MUST include denial.expires_at taken from context.access_request.expires_at	-	10	10	stay	no	core	restates 399-400 (dest 6) and 239-240 (dest 5)	* MUST include `denial.expires_at` from `context.access_request.expires_at`.
REQ-313	S5-013	PEP Processing Rules	1061	keyword	PEP	denial.binding_token absent	MUST include denial.evaluation_id; SHOULD include it whenever the PDP returned an evaluation identifier	-	10	10	stay	no	core	member defined at 393-394 (dest 6) so 10; the by-reference topology itself is 11, but the unit does not split (rule 4)	* MUST include `denial.evaluation_id` when `denial.binding_token` is absent, and SHOULD include it when the PDP returned an evaluation identifier.
REQ-314	S5-014	PEP Processing Rules	1062	keyword	PEP	-	SHOULD include an idempotency key for Access Request submissions	-	10	10	stay	no	core	restates 417 (dest 6); plan default keeps idempotency in 6, extended guidance in 15	* SHOULD include an idempotency key for Access Request submissions.
REQ-315	S5-015	PEP Processing Rules	1063	keyword	PEP	-	MUST treat a Task Handle as opaque	-	10	10	stay	no	core	restates 519 (dest 6); 1234 binds a different actor (plan S6 withdrawal) so cross-reference only	* MUST treat a Task Handle as opaque.
REQ-316	S5-016	PEP Processing Rules	1064	keyword	PEP	-	MUST NOT infer approval from a task identifier, link, or display text	-	10	10	stay	no	core	restates 512 and 519 (dest 6), 640 (dest 7), 1244 (dest 7/18)	* MUST NOT infer approval from a task identifier, link, or display text.
REQ-317	S5-017	PEP Processing Rules	1065	keyword	PEP	on receiving an unknown task status value	MUST treat the task as not approved	-	10	10	stay	no	encounter-rule	restates 657 (Task Status Values, dest 7); plan S3 names it Part I	* MUST treat unknown task status values as not approved.
REQ-318	S5-018	PEP Processing Rules	1066	keyword	PEP	-	MUST enforce an approved result only according to {{completion-semantics}}	-	10	10	stay	no	core	restates 512 (dest 6) and 791-797 (dest 8)	* MUST enforce an approved result only according to {{completion-semantics}}.
REQ-319	S5-019	PEP Processing Rules	1067	keyword	PEP	on receiving an unknown result.mode value	MUST treat the result as not approved	-	10	10	stay	no	encounter-rule	restates 797 (dest 8); plan S3 names it Part I; 1035 (S5-005) points at this rule	* MUST treat unknown `result.mode` values as not approved.
REQ-320	S5-020	PEP Processing Rules	1068	keyword	PEP	when using Re-evaluation Mode	MUST include the returned approval object unchanged at context.approval in the re-evaluation request	-	10	10	stay	no	core	restates 828 (dest 8); reevaluate is the base completion mode, so Part I	* When using Re-evaluation Mode, MUST include the returned `approval` object unchanged at `context.approval` inside the AuthZEN Authorization API re-evaluation request.
REQ-321	S5-021	PEP Processing Rules	1069	keyword	PEP	after approval	MUST re-evaluate access through the AuthZEN Access Evaluation API	unless a profile-defined completion mode applies	10	10	stay	no	core	restates 793-797 (dest 8)	* MUST re-evaluate access through the AuthZEN Access Evaluation API after approval, unless a profile-defined completion mode applies (for example, a profile binding to OAuth token issuance).
REQ-322	S5-022	PEP Processing Rules	1070	keyword	PEP	task reached approved	MUST NOT treat the Approval Result as authorizing any future Access Evaluation on that basis alone	-	10	10	stay	no	core	near-verbatim restatement of 869 (dest 8); cross-reference not merge - Section 10 is a conformance list	* MUST NOT treat an Approval Result as authorizing any future Access Evaluation solely on the basis that the Access Request task reached `approved`; applicability is determined by the PDP at each subsequent evaluation.
REQ-323	S5-070	PDP Processing Rules	1074	keyword-free	PDP	-	List lead-in scoping the bullets that follow to a PDP implementing this profile	-	10	10	stay	no	core	1080 (S5-027) leaves for 20, so Section 20's conformance list needs its own lead-in	A PDP implementing this profile:
REQ-324	S5-023	PDP Processing Rules	1076	keyword	PDP	denied access is eligible for approval	MAY include context.access_request in a denied Decision	-	10	10	stay	no	core	restates 227 (dest 5)	* MAY include `context.access_request` in a denied AuthZEN Decision when the denied access is eligible for approval.
REQ-325	S5-024	PDP Processing Rules	1077	keyword	PDP	no Access Request Endpoint available to process the request	MUST NOT include context.access_request	-	10	10	stay	no	core	restates 229 and 263 (dest 5)	* MUST NOT include `context.access_request` unless an Access Request Endpoint is available to process the request.
REQ-326	S5-025	PDP Processing Rules	1078	keyword	PDP	when returning a requestable denial	SHOULD include a stable machine-readable reason code	-	10	10	stay	no	core	member defined at 254 (dest 5) and 402-403 (dest 6); the SHOULD itself appears only here	* SHOULD include a stable machine-readable reason code when returning a requestable denial.
REQ-327	S5-026	PDP Processing Rules	1079	keyword	PDP	when returning a requestable denial	MUST include an expiration time as context.access_request.expires_at	-	10	10	stay	no	core	restates 239-240 and 256 (dest 5)	* MUST include an expiration time for the requestable denial hint as `context.access_request.expires_at`.
REQ-328	S5-027	PDP Processing Rules	1080	keyword	PDP	Access Request needs submission fields beyond the original evaluation	MAY include form_url and request_schema_url in the requestable denial	-	20	10	stay	no	feature	feature defined at 248-252 and 306-313, both dest 20; plan carves only 1059 out of that row, so this bullet joins 20's conformance list | round 6 (A1 review): a conformance bullet relocated alone loses the lead-in that names its actor; stays in the PDP list for A1, final 20 in A2	* MAY include `form_url` and `request_schema_url` in the requestable denial when the Access Request requires additional submission fields beyond those produced by the original AuthZEN Authorization API evaluation.
REQ-329	S5-028	PDP Processing Rules	1081	keyword	PDP	when returning context.access_request	MUST provide binding_token or a resolvable evaluation_id; MUST use binding_token when the ARS is independent	-	10	10	stay	no	core	restates 256-259; 256 is core, the evaluation_id form at 259 goes to 11; unit does not split (rule 4) and rule 2 keeps it Part I	* MUST provide verifiable denial-binding material when returning `context.access_request`: an integrity-protected `context.access_request.binding_token`, or a stable `context.evaluation_id` the Access Request Service can resolve against state shared with, or delegated by, the PDP. When the Access Request Service is independent of the PDP, the PDP MUST provide the `binding_token` form ({{requestable-denial-context}}).
REQ-330	S5-029	PDP Processing Rules	1082	keyword	PDP	-	SHOULD return a stable context.evaluation_id the PEP can supply as denial.evaluation_id	-	10	10	stay	no	core	evaluation_id defined at 296 (dest 5); 261 says the recommendation is not conditioned on shared state, so not 11 (precedence rule 1)	* SHOULD return a stable evaluation identifier as `context.evaluation_id` ({{evaluation-identifier}}) that the PEP can supply as `denial.evaluation_id` when submitting an Access Request.
REQ-331	S5-030	PDP Processing Rules	1083	keyword	PDP	when including context.access_request.binding_token	MUST integrity-protect it verifiably and SHOULD issue it as a JWS in compact serialization	-	10	10	stay	no	core	restates 243 (dest 5) and 1169 (dest 5 under the plan's binding-token row)	* When including `context.access_request.binding_token`, MUST integrity-protect it using a mechanism the Access Request Service can verify and SHOULD issue it as a JWS in compact serialization.
REQ-332	S5-031	PDP Processing Rules	1084	keyword	PDP	during re-evaluation	MUST validate approval references presented	-	10	10	stay	no	core	restates 813 and 820 (dest 8); Security statement at 1163	* MUST validate approval references presented during re-evaluation.
REQ-333	S5-032	PDP Processing Rules	1085	keyword	PDP	an Approval Result is presented at re-evaluation	MUST consider it applicable only when the request is within the recorded approval scope	-	10	10	stay	no	core	verbatim restatement of 867 (dest 8); scope definition at 858-865, broadened scope 861/863 to 13; cross-reference not merge	* MUST only consider an Approval Result applicable when the current evaluation request is within the approval scope recorded for that Approval Result.
REQ-334	S5-033	PDP Processing Rules	1086	keyword	PDP	at enforcement time	MUST ensure approval does not override policy conditions that remain mandatory	-	10	10	stay	no	core	restates 830 and 850 (dest 8)	* MUST ensure that approval does not override policy conditions that remain mandatory at enforcement time, such as subject status, resource sensitivity, action constraints, environmental risk, and approval expiry.
REQ-335	S5-071	Access Request Service Processing Rules	1090	keyword-free	ARS	-	List lead-in scoping the bullets that follow to an Access Request Service implementing this profile	-	10	10	stay	no	core	1096 (S5-038) leaves for 11, so Section 11 needs its own lead-in plus a restatement of the 1094 parent	An Access Request Service implementing this profile:
REQ-336	S5-034	Access Request Service Processing Rules	1092	keyword	ARS	before accepting Access Request submissions	MUST authenticate and authorize the PEP	-	10	10	stay	no	core	restates 1111 (S5-049, dest 4); not merged because 1111 also covers status retrieval and per-tuple authorization	* MUST authenticate and authorize the PEP before accepting Access Request submissions.
REQ-337	S5-035	Access Request Service Processing Rules	1093	keyword	ARS	on submission	MUST validate the submission is based on a requestable denial, else reject with not_requestable	-	10	10	stay	no	core	restates 413 (dest 6); problem type defined at 961 (dest 9)	* MUST validate that the submission is based on a requestable denial, rejecting a submission that is not with `urn:openid:authzen:access-request:error:not_requestable`.
REQ-338	S5-036	Access Request Service Processing Rules	1094	keyword	ARS	for every requested item	MUST verify the denial-binding material, applying the sub-rules at 1095-1098	-	10	10	stay	no	core	parent of 1095-1098; 1096 goes to 11, so 10 keeps 1094+1095+1097+1098 and 11 needs its own lead-in restating this parent	* MUST verify the denial-binding material for every requested item, applying the following rules:
REQ-339	S5-037	Access Request Service Processing Rules	1095	keyword	ARS	denial.binding_token present	MUST verify its integrity; for a JWS MUST verify the signature with a key from the PDP jwks_uri	-	10	10	stay	no	core	restates 1190-1194 (dest 6) and 202-204 (dest 4)	* When `denial.binding_token` is present, the service MUST verify its integrity. When the value is a JWS, the service MUST verify the signature using a key resolved from the JWK Set advertised at the PDP's `jwks_uri` ({{discovery}}); JWS `kid` headers are matched against JWK `kid` parameters.
REQ-340	S5-038	Access Request Service Processing Rules	1096	keyword	ARS	denial.binding_token absent (shared-state deployment)	MUST resolve evaluation_id, compare the recorded tuple structurally, and enforce the recorded expires_at	mismatch rejected with invalid_denial_binding	11	10	stay	no	alternative	text says the evaluation_id path is shared-state only; plan's Part II row names 1088 as a source for 11; defining text 259 and 300 (dest 11), comparison 1184 (dest 6) | A1 list rule: stays with its lead-in in 10; A2 moves it to 11 after rewording the lead-in	* When `denial.binding_token` is absent, the service MUST resolve or validate `denial.evaluation_id`, retrieve the Subject, Resource, Action, authorization-relevant Context, and `expires_at` recorded for that evaluation in shared state (the `evaluation_id` path is for shared-state deployments only; see {{requestable-denial-context}}), verify the Subject, Resource, Action, and Context match the submission using the structural comparison defined in {{binding-token-integrity}} (rejecting a mismatch with `urn:openid:authzen:access-request:error:invalid_denial_binding`), and enforce freshness against the recorded `expires_at` rather than the PEP-echoed `denial.expires_at`.
REQ-341	S5-039	Access Request Service Processing Rules	1097	keyword	ARS	submission received after the verified denial.expires_at	MUST reject with expired_denial	after applying any configured clock-skew tolerance ({{impl-considerations}})	10	10	stay	no	core	restates 240, 400, 1196, 1198; plan S6 withdrew 240/400/1097 from consolidation because a merge would strip the skew clause	* The service MUST reject submissions received after the verified `denial.expires_at` with `urn:openid:authzen:access-request:error:expired_denial`, after applying any clock-skew tolerance it has configured (see {{impl-considerations}}).
REQ-342	S5-040	Access Request Service Processing Rules	1098	keyword	ARS	binding material unverifiable or not bound to the submitted denial	MUST reject with invalid_denial_binding	-	10	10	stay	no	core	restates 363 and 415 (dest 6) and step 4 at 1195 (dest 6)	* The service MUST reject submissions whose binding material cannot be verified, or whose claims do not bind to the submitted denial, with `urn:openid:authzen:access-request:error:invalid_denial_binding`.
REQ-343	S5-041	Access Request Service Processing Rules	1099	keyword	ARS	on accepting a submission	MUST bind the task to Subject, Resource, Action, Context, denial, requester, and client	-	10	10	stay	no	core	no Part I paragraph states this; nearest are 1159 (Security) and 826 (dest 8); plan S6 withdrew 1099/1159 (different actors and tuples)	* MUST bind the task to the submitted Subject, Resource, Action, Context, denial, requester, and client.
REQ-344	S5-042	Access Request Service Processing Rules	1100	keyword	ARS	for accepted requests	MUST return an opaque Task Handle	-	10	10	stay	no	core	restates 519 (dest 6); 1234 states it for a different actor	* MUST return an opaque Task Handle for accepted requests.
REQ-345	S5-043	Access Request Service Processing Rules	1101	keyword	ARS	-	SHOULD support idempotent request submission using the Idempotency-Key header	-	10	10	stay	no	core	restates 419-421 (dest 6; extended guidance to 15)	* SHOULD support idempotent request submission using the `Idempotency-Key` header.
REQ-346	S5-044	Access Request Service Processing Rules	1102	keyword	ARS	-	MUST expire Access Requests and approvals according to local policy	-	10	10	stay	no	core	task.expires_at at 535-536 is OPTIONAL (dest 6); approved_until REQUIRED at 807 (dest 8); 1208 says approval results MUST expire	* MUST expire Access Requests and approvals according to local policy.
REQ-347	S5-045	Access Request Service Processing Rules	1103	keyword	ARS	configured approval workflow has not completed successfully	MUST NOT return approved	-	10	10	stay	no	core	status approved defined at 639-640 (dest 7); 1218 adds the ineligible-approver case	* MUST NOT return `approved` unless the configured approval workflow has completed successfully.
REQ-348	S5-046	Access Request Service Processing Rules	1104	keyword	ARS	before treating an approval workflow as successfully completed	MUST evaluate approver eligibility (self-approval, delegation, separation of duties, conflict of interest)	none stated here; 1218 allows an explicit local-policy exception recorded for audit	10	10	stay	no	core	plan S6 candidate; 1218's wording survives because it carries the exception clause; anchor {{approver-eligibility}} lands on the surviving text in 10 | 2nd reader: ACCEPTED; 1218 wording survives (carries audited-exception clause) | 2nd reader (round 2): consolidation with 1218 REJECTED: 1104 checkpoint is before treating the workflow as successfully completed, 1218 checkpoint is before returning approved; different conditions. Both kept in 10; A2 may write a combined rule | 2nd reader (round 2): consolidation with 1218 REJECTED: 1104 checkpoint is before treating the workflow as successfully completed, 1218 is before returning approved; different conditions. Both kept in 10; A2 may write a combined rule	* MUST evaluate approver eligibility, including self-approval, delegation, separation-of-duties, and conflict-of-interest policy, before treating an approval workflow as successfully completed.
REQ-349	S5-047	Access Request Service Processing Rules	1105	keyword	ARS	-	MUST retain audit records sufficient to reconstruct request, approval, denial, and completion result	-	10	10	stay	no	core	sole statement of this rule; related SHOULDs at 294 (dest 5) and 1222 (Security)	* MUST retain sufficient audit records to reconstruct the request, approval, denial, and completion result.
REQ-350	S5-048	Authorization and Authentication	1109	keyword	ARS	-	Endpoints are protected APIs; OAuth 2.0 RECOMMENDED; with bearer tokens they MUST follow RFC6750	Cancellation endpoint authorization rules are defined in {{cancellation}} (dest 17)	4	4	move	no	core	plan Part I row sends 1109-1111 to 4; anchor {{authorization-and-authentication}} (1107) then has no home and is cited from 190 (dest 18)	The Access Request Endpoint and Task Status Endpoint are protected APIs. Support for OAuth 2.0 {{RFC6749}} is RECOMMENDED. When OAuth 2.0 bearer tokens are used, the endpoints MUST follow {{RFC6750}}. The Cancellation endpoint ({{cancellation}}) is similarly protected; its authorization rules are defined in that section.
REQ-351	S5-049	Authorization and Authentication	1111	keyword	ARS	before accepting a submission or returning task status	MUST authenticate the PEP or caller and verify authorization for the supplied Subject, Resource, Action	-	4	4	move	no	core	restated for submissions only by 1092 (S5-034, dest 10); cross-reference, not a merge	The Access Request Service MUST authenticate the PEP or caller before accepting a submission or returning task status. The service MUST verify that the caller is authorized to submit or view the request for the supplied Subject, Resource, and Action.
REQ-352	S5-072	Authorization and Authentication	1113	keyword-free	Definition	-	Defines Task Handle authorization as bound to Subject, Resource, Action, task and operation, not to a token, session, or PEP instance	-	7	7	stay	no	definition	plan Part I row sends 1113-1119 to 7; overlaps 617 (dest 7) and 190 (dest 18)	Authorization for Task Handle interactions, such as status retrieval and cancellation, is bound to the original Subject, Resource, Action, task, and requested operation rather than to a specific access token, session, or PEP instance.
REQ-353	S5-050	Authorization and Authentication	1115	keyword	ARS	each Task Handle operation	MUST authorize independently; status authorization implies no cancel, approver-detail, or result access	-	7	7	stay	no	core	plan Part I row sends 1113-1119 to 7	The Access Request Service MUST authorize each Task Handle operation independently. Authorization to retrieve task status does not imply authorization to cancel the task, view approver details, or retrieve an enforceable result.
REQ-354	S5-051	Authorization and Authentication	1117	keyword	ARS	caller remains authorized for the bound task and operation	token refresh does not invalidate Task Handle access; another PEP instance or agent MAY interact	-	7	7	stay	no	core	collision: plan Part II names 1107 as a source for 18 (portability) but the Part I row names lines 1113-1119 for 7; rule 3 gives 7; overlaps 617 (dest 7) and 190 (dest 18)	Refresh of a calling identity's underlying token does not invalidate Task Handle access as long as the caller remains authorized for the bound task and operation. A different PEP instance or agent process that can authenticate as authorized for the bound task and operation MAY interact with the Task Handle.
REQ-355	S5-052	Authorization and Authentication	1119	keyword	ARS	caller is not authorized to receive them	task status response MUST NOT disclose approval details, approver identities, policy ids, resource metadata	-	7	7	stay	no	core	sits with 1234 and the second sentence of 1252, both of which the plan also sends to 7	A task status response MUST NOT disclose approval details, approver identities, policy identifiers, or resource metadata to a caller that is not authorized to receive them.
REQ-356	S5-073	Authorization and Authentication	1123	keyword-free	Definition	-	Describes the delegation patterns and names subject plus client.actor as the protocol surface for them	-	19	19	move	no	definition	opening unit of the {#delegation} subsection; carries the anchor's subject matter	A PEP submitting an Access Request frequently acts on behalf of one or more upstream principals.  Common patterns include a SaaS application acting on behalf of an end user, an OAuth Authorization Server acting on behalf of a client and an end user, an agent runtime acting on behalf of an agent which acts on behalf of an end user, and a Security Token Service acting on behalf of an upstream caller.  The protocol surface for these patterns is the AuthZEN Authorization API `subject` (carrying the principal) together with `client.actor` (carrying the immediate actor and, optionally, an `act` chain reaching back toward the Subject).
REQ-357	S5-053	Authorization and Authentication	1125	keyword	Implementation	-	SHOULD follow the act-claim conventions of the OAuth actor profile; canonical actor id is the (iss, sub) pair	profile defines no new Subject shape for actor delegation	19	19	move	no	feature	-	This profile does not define a new Subject shape for actor delegation. Implementations SHOULD follow the conventions defined in {{?I-D.mcguinness-oauth-actor-profile}}, which standardizes an `act` claim representing the immediate actor with required `sub` and `iss` members and a RECOMMENDED `sub_profile` member (taking values such as `ai_agent`, `service`, or `user`). Nested `act` objects represent multi-hop delegation chains. The canonical actor identifier is the (`iss`, `sub`) pair regardless of which carrier expresses it.
REQ-358	S5-074	Authorization and Authentication	1127	keyword-free	Editor	-	List lead-in for the three delegation statements at 1129-1131	-	19	19	move	no	definition	if S5-055 (1131) consolidates into 1058 the list keeps 1129-1130 plus a cross-reference to 10	Under this profile:
REQ-359	S5-075	Authorization and Authentication	1129	keyword-free	Definition	-	Defines that the AuthZEN subject carries the principal on whose behalf the operation is performed	-	19	19	move	no	definition	-	* The AuthZEN Authorization API `subject` carries the principal on whose behalf the operation is performed.
REQ-360	S5-054	Authorization and Authentication	1130	keyword	PEP	when the submission conveys a delegation chain	client.actor carries the immediate actor and MAY include a nested act claim walking the chain	-	19	19	move	no	feature	member defined at 379-383, which the plan also sends to 19; the service rule at 389 stays in 6	* `client.actor` (defined in {{access-request-submission}}) carries the immediate actor and MAY include a nested `act` claim that walks the delegation chain from the immediate actor outward toward the Subject.
REQ-361	S5-055	Authorization and Authentication	1131	keyword	PEP	PEP captured actor information in the evaluation's subject	MAY preserve it in the submission subject or normalize to client.actor; identity MUST NOT be dropped	-	19	19	move	no	encounter-rule	duplicate of 1058's second sentence, same actor, condition and exceptions; 1058's wording survives in 10; if the reviewer rejects the merge 1131 stays in 19; 19 must keep a cross-reference because 860, 1180 and 1181 cite {{delegation}} for the act-exclusion rationale | 2nd reader: ACCEPTED; 1131 restates the second sentence of 1058 (same actor, condition, obligation, exception); 1058 survives in 10; Section 19 cross-references | round 3: consolidation into 1058 DEFERRED to A2; 860, 1180, 1181 cite {{delegation}} for the normalization permission this unit states, so A1 keeps it in 19	* A PEP that captures actor information in the original AuthZEN Authorization API evaluation's `subject` (for example, via `subject.properties.act`) MAY preserve it in the submission's `subject` or normalize it to `client.actor`; the actor identity itself MUST NOT be dropped during reshaping.
REQ-362	S5-056	Authorization and Authentication	1133	keyword	ARS	submission claims an actor or actor chain in client.actor	MUST authenticate the PEP, verify the credential authorizes the whole chain, and reject unverifiable chains	-	6	6	move	no	core	encounter-rule test passes to Part II: an ARS obeying 389 (dest 6) never treats unverified client.actor as authorization input and is safe; 1262 states the same reject rule and the plan sends 1260 to 19; the first sentence only restates 1111/1092 so nothing Part I is lost | 2nd reader: confirmed 19; 389 (in 6) already forbids relying on unverified actor input, so a non-supporting ARS is safe; the reject rule is a delegation-feature obligation | round 3: MUST reject an unverifiable chain binds every service, since 389/1135 only forbid relying on unverified actor data; Part I test -> 6	The Access Request Service MUST authenticate the PEP using the deployment's chosen mechanism (typically an OAuth 2.0 bearer token, mutual TLS certificate, or signed assertion). When the submission claims an actor or actor chain in `client.actor`, the Access Request Service MUST verify that the authenticated caller's credential authorizes the entire claimed chain, not only the immediate actor. Mechanisms commonly used to provide such authorization include {{RFC8693}} OAuth 2.0 Token Exchange (where the access token names the Subject as the on-behalf-of party and the chain via `act` claims), signed assertions from a trusted issuer, or deployment-specific authentication policies. The Access Request Service MUST reject submissions whose claimed chain cannot be verified against the caller's credential or against trusted issuers identified in the deployment.
REQ-363	S5-057	Authorization and Authentication	1135	keyword	ARS	client.actor content has not been independently verified	MUST NOT treat it as authorization input; MAY retain it as audit metadata only	-	6	6	move	no	encounter-rule	same rule as 389, which the plan keeps in 6 by name; not merged because 389 also covers client.source and 1135 adds the audit-metadata permission (plan S6 pattern for qualifier-bearing pairs)	The Access Request Service MUST NOT treat `client.actor` content that has not been independently verified as authorization input; unverified content MAY be retained as audit metadata only.
REQ-364	S5-058	Authorization and Authentication	1137	keyword	ARS	when routing an Access Request for approval	MAY consider any identity in the chain; identities must be verifiable before routing decisions	profile does not constrain routing policy	19	19	move	no	feature	-	Approval routing at the Access Request Service MAY consider any identity in the chain (for example, routing approval to the principal's owner, the agent's deployment owner, or a delegated approver). This profile does not constrain routing policy; it only requires that the necessary identities be representable in the submission and verifiable by the Access Request Service before routing decisions are taken.
REQ-365	S5-059	Authorization and Authentication	1139	keyword	Deployment	deployment or profile depends on a specific actor convention	SHOULD document the Subject shape, actor convention, and accepted credential format	-	19	19	move	no	feature	-	Cross-implementation interoperability for delegated flows depends on adoption of a common actor convention. Deployments and profiles that depend on a specific actor convention SHOULD document the Subject shape, the actor convention used, and the credential format the Access Request Service accepts as proof of the chain.
REQ-366	S6-001	Privacy Considerations	1143	keyword	Implementation	-	SHOULD minimize the information returned to the PEP and displayed to the end user	-	23	23	stay	no	core	Threat sentence (Access Requests carry sensitive content) travels with the rule as the PR A2 privacy-statement seed.	Access Requests may contain sensitive information, including user identifiers, resource identifiers, business justifications, approval chains, and policy reasons. Implementations SHOULD minimize the amount of information returned to the PEP and displayed to the end user.
REQ-367	S6-002	Privacy Considerations	1145	keyword	ARS	-	SHOULD separate end-user display reasons from administrator diagnostic reasons	-	23	23	stay	yes	core	Split of 1145 with S6-036 (PDP, second sentence); same dest 23.	The Access Request Service SHOULD separate end-user display reasons from administrator diagnostic reasons. A requestable denial response SHOULD avoid exposing internal policy identifiers unless the PEP is authorized for administrative diagnostics.
REQ-368	S6-036	Privacy Considerations	1145	keyword	PDP	returning a requestable denial response	SHOULD avoid exposing internal policy identifiers	unless the PEP is authorized for administrative diagnostics	23	23	stay	yes	core	Split of 1145 with S6-002; the denial response is PDP-produced, so the second sentence binds the PDP.	The Access Request Service SHOULD separate end-user display reasons from administrator diagnostic reasons. A requestable denial response SHOULD avoid exposing internal policy identifiers unless the PEP is authorized for administrative diagnostics.
REQ-369	S6-003	Privacy Considerations	1147	keyword	ARS	-	Approval records SHOULD be retained only as long as business, security, and compliance policy requires	-	23	23	stay	no	core	Actor is the record holder: ARS in the common topology, Deployment where retention is set by deployment policy.	Approval records SHOULD be retained only as long as required by business, security, and compliance policy.
REQ-370	S6-004	Security Considerations	1155	keyword	PEP	a denied decision carries context.access_request	MUST NOT grant access on a requestable denial; access only after an enforced approved completion result	-	1	1	move	no	encounter-rule	Agree with plan Section 6: 1155 is unconditional and subsumes 188 (conditioned on 'based only on the presence'); 1155's wording survives; subsection heading dropped under precedence rule 5. | 2nd reader: consolidation with 188 REJECTED (188 conditional on presence-only, 1155 unconditional); keep both, cross-reference	The presence of `context.access_request` does not weaken the AuthZEN Authorization API decision. A PEP MUST NOT grant access based on a requestable denial. Access is permitted only after an approved completion result is enforced according to this profile.
REQ-371	S6-005	Security Considerations	1159	keyword	Implementation	-	MUST bind Access Requests and approval results to Subject, Resource, Action, Context, task, and requester	-	8	8	move	yes	core	Split of 1159 with S6-037; the two actors' dests would differ (bind-at-submission 6, validate-at-re-evaluation 8) so the unit stays whole in Part I; two of three clauses are re-evaluation-side, so 8 with 6 cross-referencing.	An attacker could attempt to obtain approval for one resource and apply it to another. Implementations MUST bind Access Requests and approval results to the Subject, Resource, Action, Context, task, and requester. PDPs MUST validate this binding during re-evaluation.
REQ-372	S6-037	Security Considerations	1159	keyword	PDP	re-evaluation	MUST validate the binding of Access Request and approval result	-	8	8	move	yes	core	Split of 1159 with S6-005; same dest, unit stays whole.	An attacker could attempt to obtain approval for one resource and apply it to another. Implementations MUST bind Access Requests and approval results to the Subject, Resource, Action, Context, task, and requester. PDPs MUST validate this binding during re-evaluation.
REQ-373	S6-006	Security Considerations	1163	keyword	PDP	a re-evaluation presents an approval.id or approval.state	MUST resolve or verify the reference and confirm binding to caller, S/R/A/Context, scope, and expiry before allowing	-	8	8	move	no	core	Plan Part II routes material from 1161 to 11, but this unit is form-agnostic and binds every PDP; precedence rule 2 keeps it in Part I section 8.	A hostile or compromised PEP could attempt to submit an `approval.id` or `approval.state` obtained from another Access Request during re-evaluation. An approval reference is not a bearer grant by itself. PDPs MUST resolve or verify the approval reference and confirm that it is bound to the authenticated caller or requester, current Subject, Resource, Action, relevant Context, approval scope, and approval expiry before using it as an input to an allow decision. Possession of a valid-looking approval identifier is insufficient to authorize access.
REQ-374	S6-007	Security Considerations	1165	keyword	PDP/ARS	approval state carried by reference (shared state)	MUST protect the backing approval record against unauthorized lookup and mutation	-	8	8	move	yes	core	Split of 1165 with S6-038; this by-reference sentence is the 1161->11 material the plan names, but rule 4 forbids splitting the paragraph, so it travels to 8 and Section 11 cross-references it. | round 3: tag unified to unit level (alternative -> core)	When approval state is carried by reference, the PDP or Access Request Service MUST protect the backing approval record against unauthorized lookup and mutation. When approval binding material is carried by value, for example in `approval.state`, the PDP MUST verify integrity, issuer, audience or intended recipient, expiry, and binding before accepting it.
REQ-375	S6-038	Security Considerations	1165	keyword	PDP	approval binding material carried by value, for example approval.state	MUST verify integrity, issuer, audience or intended recipient, expiry, and binding before accepting	-	8	8	move	yes	core	Split of 1165 with S6-007; this by-value sentence is the Part I half that fixes the unit's dest at 8.	When approval state is carried by reference, the PDP or Access Request Service MUST protect the backing approval record against unauthorized lookup and mutation. When approval binding material is carried by value, for example in `approval.state`, the PDP MUST verify integrity, issuer, audience or intended recipient, expiry, and binding before accepting it.
REQ-376	S6-008	Security Considerations	1169	keyword	PDP	issuing binding_token	MUST integrity-protect binding_token verifiably by the ARS, SHOULD issue it as a JWS, MAY add JWE	-	5	5	move	no	core	Brief and plan: claim list 1169-1181 whole to 5; the binding-token-integrity anchor goes on that Section 5 subsection heading.	The `binding_token` member round-trips PDP-issued state through the PEP to the Access Request Service. Without integrity protection, a buggy or hostile PEP could drop, alter, or fabricate this value to influence approval routing or scope. PDPs MUST integrity-protect `binding_token` using a mechanism the Access Request Service can verify and SHOULD issue it as a JWS so the Access Request Service can prove the value was produced by the PDP and bound to the original denied evaluation. When the payload contains information that must not be visible to the PEP, the PDP MAY use JWE in addition to integrity protection, for example by encrypting a signed payload. This is a confused-deputy mitigation: it lets the Access Request Service confirm that the requestable-denial state was issued by the PDP and not fabricated or altered by the PEP.
REQ-377	S6-009	Security Considerations	1171	keyword	PDP	issuing binding_token as a JWT	SHOULD include the claims listed at 1173-1182	-	5	5	move	no	core	Stem of the claim list; supplies the SHOULD force for every bullet except aud, which is REQUIRED at 1174.	This profile does not mandate a specific JWS payload; the contents are deployment-specific. Implementations that issue `binding_token` as a JWT SHOULD include the following claims to provide sound token hygiene and confused-deputy protection:
REQ-378	S6-045	Security Considerations	1173	keyword-free	PDP	issuing binding_token as a JWT	iss carries the PDP identifier so the ARS can select the verification key from the PDP JWK Set	-	5	5	move	no	definition	Claim-list bullet with no RFC 2119 keyword; travels with the list to 5.	* `iss`: PDP identifier. Lets the Access Request Service select the correct verification key from the PDP's JWK Set ({{discovery}}).
REQ-379	S6-010	Security Considerations	1174	keyword	PDP	issuing binding_token as a JWT	aud REQUIRED: the ARS identifier, or an array of identifiers including it	-	5	5	move	yes	core	Split of 1174 with S6-039 (ARS MUST-reject); the verification-side MUST travels to 5 with the claim list under rule 4 and Section 6 cross-references it.	* `aud`: REQUIRED. Access Request Service identifier, or an array of identifiers including the Access Request Service. Array audiences support polyglot deployments that issue a single JWT consumed by multiple verifiers; the Access Request Service accepts the JWT when its identifier is among the listed audiences. Prevents replay of a token issued for one Access Request Service against another. The Access Request Service MUST reject a `binding_token` JWT that lacks `aud` or whose `aud` does not include the Access Request Service's identifier.
REQ-380	S6-039	Security Considerations	1174	keyword	ARS	verifying a binding_token JWT	MUST reject a JWT that lacks aud or whose aud does not include the ARS identifier	-	5	5	move	yes	core	Split of 1174 with S6-010; a verification MUST travelling to 5 with the claim list under rule 4.	* `aud`: REQUIRED. Access Request Service identifier, or an array of identifiers including the Access Request Service. Array audiences support polyglot deployments that issue a single JWT consumed by multiple verifiers; the Access Request Service accepts the JWT when its identifier is among the listed audiences. Prevents replay of a token issued for one Access Request Service against another. The Access Request Service MUST reject a `binding_token` JWT that lacks `aud` or whose `aud` does not include the Access Request Service's identifier.
REQ-381	S6-011	Security Considerations	1175	keyword	PDP	issuing binding_token as a JWT	include iat and exp; expiry SHOULD be short, typically minutes, aligned with the denial hint lifetime	-	5	5	move	no	core	-	* `iat`, `exp`: issued-at and expiry. Expiry SHOULD be short (typically minutes, aligned with the requestable-denial hint lifetime).
REQ-382	S6-012	Security Considerations	1176	keyword	PDP	issuing binding_token as a JWT	include jti, a unique token identifier	-	5	5	move	yes	core	Split of 1176 with S6-040 (ARS replay tracking).	* `jti`: unique token identifier. The Access Request Service SHOULD track recently-seen `jti` values until the token's `exp` to detect replay of an otherwise valid token; because `exp` is short (typically minutes), the replay-tracking window is correspondingly bounded.
REQ-383	S6-040	Security Considerations	1176	keyword	ARS	verifying a binding_token JWT	SHOULD track recently-seen jti values until exp to detect replay	-	5	5	move	yes	core	Split of 1176 with S6-012.	* `jti`: unique token identifier. The Access Request Service SHOULD track recently-seen `jti` values until the token's `exp` to detect replay of an otherwise valid token; because `exp` is short (typically minutes), the replay-tracking window is correspondingly bounded.
REQ-384	S6-046	Security Considerations	1177	keyword-free	PDP	issuing binding_token as a JWT	denial_expires_at carries context.access_request.expires_at from the requestable denial	omitted when the token exp is no later than that value	5	5	move	no	definition	Keyword-free but load-bearing for the freshness rule at 1198, which goes to 6; 6 must cross-reference this claim.	* `denial_expires_at`: the `context.access_request.expires_at` value from the requestable denial, unless the token's `exp` is no later than that value. This lets the Access Request Service verify the PEP-echoed `denial.expires_at` value or enforce the token expiry as an equal-or-stricter freshness deadline.
REQ-385	S6-013	Security Considerations	1178	keyword	PDP/ARS	any binding claim covers context	binding_context_members present and MAY be empty; the ARS uses exactly this set when comparing or hashing Context	when the claim is absent, only Subject, Resource, and Action are bound	5	5	move	no	core	Cited from Terminology at 153. Both actor sides kept in one row: only the PDP side carries the list's SHOULD, the ARS side is descriptive.	* `binding_context_members`: the array of `context` member names that constitute the authorization-relevant Context for this evaluation (see the Terminology definition of Authorization-Relevant Context). Present (and MAY be an empty array) whenever any binding claim covers context; the Access Request Service uses exactly this integrity-protected set when comparing or hashing the authorization-relevant Context, and binds only Subject, Resource, and Action when it is absent.
REQ-386	S6-014	Security Considerations	1179	keyword	PDP	issuing binding_token as a JWT	include binding claims identifying the denied evaluation; the inline form is RECOMMENDED	-	5	5	move	no	core	Brief: 1179-1181 is ONE unit with two sub-bullets and must not split; S6-014, S6-015 and S6-016 share that unit and share dest 5.	* Binding claims that identify the original denied evaluation. For interoperability across independently implemented PDPs and Access Request Services, the inline form is RECOMMENDED, because it is compared structurally and requires no agreed byte canonicalization. Either:
REQ-387	S6-015	Security Considerations	1180	keyword	PDP/ARS	inline binding claims are used	bind full Subject, Resource, Action objects and authorization-relevant Context; the ARS compares structurally member by member	subject.properties.act excluded because the PEP MAY normalize the actor to client.actor; profile machinery members excluded from Context	5	5	move	no	core	One unit with 1179 and 1181. Plan Section 6 withdrew the 860/1180 merge: cross-reference 860 for the act clause rather than merging.	* Inline (RECOMMENDED): the Subject, Resource, Action, and authorization-relevant Context of the denied evaluation, which the Access Request Service compares structurally, member by member, against the submission. Subject, Resource, and Action comparison includes the full AuthZEN Authorization API objects, including any `properties` members present in the bound values, except that `subject.properties.act` is excluded because the PEP MAY normalize the actor to `client.actor` ({{delegation}}). Context comparison includes each member of the authorization-relevant Context and excludes profile machinery members.
REQ-388	S6-016	Security Considerations	1181	keyword	Implementation	the hashed binding form is used	MUST use exactly the base64url SHA-256 over RFC8785 JCS serialization construction given	-	5	5	move	no	core	One unit with 1179; defines binding_hash, the byte-exact pattern an independent implementation must reproduce.	* Hashed: a `binding_hash` whose value is the base64url-encoded (without padding) SHA-256 digest of the {{RFC8785}} JSON Canonicalization Scheme (JCS) serialization of the JSON object `{"subject": <Subject>, "resource": <Resource>, "action": <Action>, "context": <authorization-relevant Context>}`, where `<Subject>` is the bound Subject with `subject.properties.act` removed (matching the inline form's exclusion) and `<authorization-relevant Context>` is the enumerated set, which the Access Request Service recomputes from the submission. Implementations that use the hashed form MUST use exactly this construction so that a PDP and an independently implemented Access Request Service compute identical digests.
REQ-389	S6-047	Security Considerations	1182	keyword-free	PDP	the PDP returned context.evaluation_id	evaluation_id claim carries the PDP identifier for the evaluation	-	5	5	move	no	definition	Text over plan (precedence rule 1): the plan and brief say the claim list is 1169-1181, but the list runs to 1182 and this bullet travels with it.	* `evaluation_id`: the PDP's identifier for the evaluation, when present in `context.evaluation_id` ({{evaluation-identifier}}).
REQ-390	S6-048	Security Considerations	1184	keyword-free	Definition	wherever this profile compares Subject, Resource, Action or authorization-relevant Context	defines structural comparison of JSON values: JCS number equality, codepoint strings, ordered arrays, recursive objects, absent distinct from null	-	5	5	move	no	definition	round 3: decided 6 (plan Section 4; the definition is used by the verification steps in 6 and cited from 1096, which is retargeted to the new Section 6 anchor). Earlier note asking a second reader to decide is superseded. | round 4: structural comparison is used at 1180 (Section 5), 860 and 1096 before Section 6; placed as its own Section 5 subsection ahead of Denial Binding Claims, anchor structural-comparison, 1096 retargeted there	Throughout this profile, structural comparison of two JSON values treats them as equal when they have the same JSON type and: numbers are equal under their {{RFC8785}} canonical form; strings are equal codepoint-for-codepoint; arrays are equal element-by-element in order; objects are equal when they have the same set of member names with recursively equal member values; and an absent member is distinct from a member whose value is `null`. This is the comparison used wherever this profile compares Subject, Resource, Action, or authorization-relevant Context, including inline denial binding and approval-scope matching ({{completion-semantics}}).
REQ-391	S6-017	Security Considerations	1186	keyword	PDP/ARS	items is present in the submission (bulk)	binding claims cover the whole items array and Context; a bulk hashed form MUST use exactly the construction given	when every item carries its own per-item denial, the single-item rules are used instead	12	12	move	no	feature	Brief and plan route bulk binding to 12; 14 (Bulk Submissions) is arguable since the feature is defined there. Noted, not escalated.	When `items` is present in the submission (bulk), the binding claims cover the entire `items` array and authorization-relevant Context. Inline bulk binding claims list each submitted item, including the full Resource and Action objects for that item, in the same order as the bound Access Request. A bulk `binding_hash` is the base64url-encoded (without padding) SHA-256 digest of the JCS serialization of the JSON object `{"subject": <Subject>, "items": [{"resource": <Resource>, "action": <Action>}, ...], "context": <authorization-relevant Context>}`, where `<Subject>` is the bound Subject with `subject.properties.act` removed and the `items` array order is the order bound by the denial. Implementations that use a bulk hashed form MUST use exactly this construction. When every item carries its own per-item `denial`, each per-item binding is verified using the single-item rules instead of this bundle construction.
REQ-392	S6-018	Security Considerations	1188	keyword	PDP	the ARS needs deployment-specific claims for routing or audit	MAY add deployment-specific claims; wraps the signed payload in JWE when they must stay opaque to the PEP	-	12	12	move	no	feature	-	PDPs MAY add deployment-specific claims (policy version, factors, risk score, tenant identifier) when the Access Request Service needs them for routing or audit. When such claims must remain opaque to the PEP, the PDP wraps the signed payload in JWE encrypted to the Access Request Service.
REQ-393	S6-049	Security Considerations	1190	keyword-free	ARS	binding_token is a JWS-signed JWT using these claims	stem of the five-step receipt procedure at 1192-1196	-	6	6	move	no	definition	Plan Section 5 requires rows for the keyword-free verification steps 1190-1196.	When `binding_token` is a JWS-signed JWT using these claims, the Access Request Service, on receipt:
REQ-394	S6-050	Security Considerations	1192	keyword-free	ARS	step 1 of the receipt procedure	parses the JWS header and resolves the verification key from the JWK Set at the PDP jwks_uri	-	6	6	move	no	definition	Depends on discovery of jwks_uri in 4.	1. parses the JWS header and resolves the verification key from the JWK Set at the PDP's `jwks_uri`;
REQ-395	S6-051	Security Considerations	1193	keyword-free	ARS	step 2 of the receipt procedure	verifies the signature, the aud claim, and the expiry	-	6	6	move	no	definition	Enforces the aud MUST at 1174, which travels to 5.	2. verifies the signature, the `aud` claim, and the expiry;
REQ-396	S6-052	Security Considerations	1194	keyword-free	ARS	step 3 of the receipt procedure	checks jti against recently-seen tokens to detect replay	-	6	6	move	no	definition	Enforces the jti SHOULD at 1176, which travels to 5.	3. checks `jti` against recently-seen tokens to detect replay;
REQ-397	S6-053	Security Considerations	1195	keyword-free	ARS	step 4 of the receipt procedure	compares binding claims against the submission, rejecting a mismatch with invalid_denial_binding	-	6	6	move	no	definition	Uses the structural comparison at 1184 (S6-048) and the per-item form for bulk, whose definition goes to 12.	4. compares the binding claims (inline or hashed) against the submission's Subject, Resource, Action, and authorization-relevant Context (or per-item for bulk submissions), rejecting a mismatch with `urn:openid:authzen:access-request:error:invalid_denial_binding`;
REQ-398	S6-054	Security Considerations	1196	keyword-free	ARS	step 5 of the receipt procedure	enforces freshness as the earlier of token exp and denial.expires_at, rejecting with expired_denial	-	6	6	move	no	definition	Same rule as S6-019 (1198) in step form; both go to 6 so no consolidation is needed, but Pass 1 should merge the prose.	5. enforces freshness (the earlier of the token `exp` and `denial.expires_at`), rejecting a submission past that deadline with `urn:openid:authzen:access-request:error:expired_denial`.
REQ-399	S6-019	Security Considerations	1198	keyword	ARS	binding_token exp and/or denial.expires_at present on a submission	MUST enforce the earlier deadline, MUST verify the echoed expires_at, reject with invalid_denial_binding or expired_denial	-	6	6	move	no	core	Brief: freshness rules 1190-1198 to 6. Cf. 1097, which carries 'after applying any clock-skew tolerance'; plan Section 6 withdrew that consolidation and this row does not restore it.	When the `binding_token` carries its own expiry (`exp`) and the submitted denial also carries `denial.expires_at`, the Access Request Service MUST enforce the earlier of the two as the freshness deadline for the submission. When `denial_expires_at` or equivalent protected binding material is present, the Access Request Service MUST verify that `denial.expires_at` matches the protected value before relying on it. When no protected denial-expiry value is present, the Access Request Service MUST rely on `exp` only if it is no later than the echoed `denial.expires_at`; otherwise the binding material is insufficient to prove the freshness window and the submission MUST be rejected with `urn:openid:authzen:access-request:error:invalid_denial_binding`. A submission whose freshness deadline has passed MUST be rejected with `urn:openid:authzen:access-request:error:expired_denial`.
REQ-400	S6-020	Security Considerations	1200	keyword	ARS	binding_token uses a non-JWS integrity-protected format	MUST perform equivalent verification of issuer, audience, expiry, replay resistance, and binding	-	12	12	move	no	alternative	-	When `binding_token` uses another integrity-protected format, the Access Request Service MUST perform equivalent verification for issuer authenticity, audience or intended recipient, expiry when present, replay resistance when provided by the format, and binding to the submitted Subject, Resource, Action, and relevant Context.
REQ-401	S6-021	Security Considerations	1202	keyword	Verifier	one signed JWT serves this profile and another specification	MAY satisfy both; verifiers process only the claims they understand and tolerate additional ones	requires the union of required claims to be present and consistent	12	12	move	no	feature	-	A single signed JWT MAY simultaneously satisfy this profile's claim recommendations and the requirements of another profile or specification that uses the same JWT, provided the union of required claims is present and consistent. This enables polyglot deployments that issue one artifact and surface it on multiple wire formats (for example, as `context.access_request.binding_token` in an AuthZEN Authorization API response and as a profile-defined token elsewhere). Verifiers process only the claims they understand and tolerate additional profile-specific claims without rejecting the JWT.
REQ-402	S6-022	Security Considerations	1204	keyword	ARS	cross-vendor interoperability	MUST support verifying a binding_token presented as a JWS in compact serialization	other formats MAY be used when both issuer and verifier support them	4	4	move	yes	core	Split of 1204 with S6-041 (PDP side, approval.state); brief routes the interoperability baseline to 4.	For cross-vendor interoperability, an Access Request Service MUST support verifying a `binding_token` presented as a JWS in compact serialization, and a PDP MUST support verifying an `approval.state` presented as a JWS in compact serialization ({{completion-semantics}}). Other integrity-protected formats MAY be used when both the issuer and the verifier support them.
REQ-403	S6-041	Security Considerations	1204	keyword	PDP	cross-vendor interoperability	MUST support verifying an approval.state presented as a JWS in compact serialization	other formats MAY be used when both issuer and verifier support them	4	4	move	yes	core	Split of 1204 with S6-022; cites completion-semantics, so Section 8 needs a cross-reference back to 4.	For cross-vendor interoperability, an Access Request Service MUST support verifying a `binding_token` presented as a JWS in compact serialization, and a PDP MUST support verifying an `approval.state` presented as a JWS in compact serialization ({{completion-semantics}}). Other integrity-protected formats MAY be used when both the issuer and the verifier support them.
REQ-404	S6-023	Security Considerations	1208	keyword	ARS	-	Approval results MUST expire; Re-evaluation Mode SHOULD bind approval references to the original request tuple	-	8	8	move	yes	core	Split of 1208 with S6-042 (Profile sentence). Not consolidated with 1102, whose expiry obligation is qualified by local policy.	Approval references can be replayed if not time-bounded. Approval results MUST expire. Re-evaluation Mode SHOULD bind approval references to the original request tuple. Profiles of this specification that define token-based completion modes are responsible for defining the token's audience restriction, lifetime, and binding to the approved request.
REQ-405	S6-042	Security Considerations	1208	keyword	Profile	a profile defines a token-based completion mode	responsible for defining the token's audience restriction, lifetime, and binding to the approved request	-	8	8	move	yes	core	Split of 1208 with S6-023; Section 21 (Extensibility) is the alternative home for the profile-facing sentence.	Approval references can be replayed if not time-bounded. Approval results MUST expire. Re-evaluation Mode SHOULD bind approval references to the original request tuple. Profiles of this specification that define token-based completion modes are responsible for defining the token's audience restriction, lifetime, and binding to the approved request.
REQ-406	S6-024	Security Considerations	1214	keyword	Implementation	-	MUST NOT treat template, requested_access, or display as sufficient authorization policy	-	10	10	move	no	core	Plan Section 7 puts the overbroad-approval anchor on its own Security subsection heading, i.e. the subsection stays in 22; it states a rule found nowhere else. | 2nd reader (round 2): tagged core, Part I test (precedence rule 2) over the Security row; plan Section 4 names 1214 for Section 10 | 2nd reader (round 2): tagged core; Part I test (precedence rule 2) over the Security row; plan Section 4 names 1214 for Section 10	This profile does not define an approval policy language. Implementations MUST NOT treat the `template`, `requested_access`, or `display` fields as sufficient authorization policy. Actual approval scope and enforcement semantics are determined by the PDP and Access Request Service.
REQ-407	S6-025	Security Considerations	1218	keyword	ARS	before returning approved	MUST evaluate approver eligibility: self-approval, delegated authority, separation of duties, ownership, conflict of interest	a step completed by an ineligible approver counts as approval only where local policy explicitly allows it and records it for audit	10	10	move	no	core	Agree with plan Section 6: same actor, condition and obligation as 1104; 1218's wording survives as the superset adding ownership rules and the audited exception; anchor approver-eligibility to the Section 10 list; the 1873 pointer stays. | 2nd reader: survivor of 1104/1218 consolidation; dest 10; anchor approver-eligibility lands here | 2nd reader (round 2): kept as its own unit; see S5-046 | 2nd reader (round 2): kept as its own unit; see S5-046	Approval workflows can violate enterprise access policy if an approver is not eligible to approve the requested access. Access Request Services MUST evaluate approver eligibility before returning `approved`, including self-approval restrictions, delegated approver authority, separation-of-duties constraints, ownership rules, and conflict-of-interest policy. A workflow step completed by an ineligible approver MUST NOT be treated as successful approval unless local policy explicitly allows that exception and records it for audit.
REQ-408	S6-026	Security Considerations	1222	keyword	Implementation	supports emergency or break-glass access	SHOULD require justification, shortest practical lifetime, owner notification, post-use review, auditable retention	-	19	19	move	no	feature	First sentence (emergency is a request signal, not an override) reads as an encounter rule for Part I but carries no keyword, and rule 4 keeps the unit whole; plan names Emergency Access (1220) -> 19 under rule 3.	The `requested_access.emergency` member is a request signal, not an authorization override. Implementations that support emergency or break-glass access SHOULD require a business justification, apply the shortest practical approval or access lifetime, notify appropriate owners or security personnel, and require post-use review. Emergency requests and approvals SHOULD be retained and auditable according to the deployment's security and compliance policy.
REQ-409	S6-055	Security Considerations	1228	keyword-free	PEP	-	threat narrative: URLs delivered in or via a denial may point at attacker-controlled hosts	-	5	5	move	no	non-normative	Antecedent for 'these URLs' in 1230; travels with S6-027 and is the PR A2 threat-statement seed.	The `endpoint`, `form_url`, and `request_schema_url` values, together with any URL a profile adds to the requestable denial or to a document fetched on the basis of it, are all delivered to the PEP inside a denial response or a document fetched on the basis of that response. A compromised or misconfigured PDP, or an Access Request Service compelled by one, could direct the PEP at attacker-controlled hosts to harvest justifications, render hostile UI, substitute schemas, or perform credential phishing against the requester.
REQ-410	S6-027	Security Considerations	1230	keyword	PEP	endpoint, form_url, request_schema_url or any profile-added URL arrives in or via a denial	MUST verify the host is trusted (same origin as advertised endpoint, or allowlist) before fetching; MUST NOT submit credentials to untrusted hosts	a PEP that only renders the URLs for a human SHOULD apply the same check rather than MUST	5	5	move	no	encounter-rule	The three URL members land in three different sections (endpoint 5, form_url and request_schema_url 20, plus profile-added URLs) so the rule cannot live with its members, and its mechanism is the Access Request Endpoint advertised in PDP metadata, a Section 4 artifact. Second reader: 5 or stay-in-22 are the alternatives. | 2nd reader: Trusting URLs subsection goes to 5 with the denial-delivered URLs it governs (plan Section 4 Security row: subsection moves whole to the section holding the rule)	An autonomous PEP MUST verify that these URLs resolve to hosts trusted under the deployment before fetching or acting on them, by requiring the same origin as the Access Request Endpoint advertised in PDP metadata or by maintaining an explicit allowlist of trusted Access Request Service hosts; a PEP that renders them for a human user SHOULD apply the same check. PEPs MUST NOT submit credentials to a host that is not trusted to receive them.
REQ-411	S6-028	Security Considerations	1234	keyword	ARS	-	Task handles MUST be opaque, unguessable, protected by authn/authz; a leaked handle MUST NOT suffice to retrieve status	-	7	7	move	no	core	Plan Section 7 puts the task-handle-leakage anchor on the Section 7 subsection holding 1234. Plan Section 6 withdrew the 1234/1063 merge: different actors.	Task handles can reveal workflow state or be used to poll for sensitive information. Task handles MUST be opaque, unguessable, and protected by authentication and authorization checks. A leaked task handle MUST NOT be sufficient to retrieve task status without caller authorization.
REQ-412	S6-056	Security Considerations	1238	keyword-free	Definition	-	classifies task and approval members as PEP-facing machine surfaces rather than end-client surfaces	-	7	7	move	no	definition	Stem of the 1240-1242 list; the plan row for 1236 -> 18 stands under rule 3 because a classification is not an obligation. | round 4: the member lists at 1240-1242 and 1248-1250 are the antecedent of "these members" at 1244 and of 1252; whole subsection to 7	Several members of the task response and approval result are intended for PEP-to-Access-Request-Service or PEP-to-PDP machine interactions, not for direct use by end clients (browsers, mobile applications, agent runtime UIs, or other non-PEP callers acting on behalf of the Subject). The following are PEP-facing:
REQ-413	S6-057	Security Considerations	1240	keyword-free	Definition	-	task.status_endpoint is the ARS polling URL and is PEP-facing	-	7	7	move	no	definition	Member definition itself is in 6/7; this row is the disclosure classification only. | round 4: the member lists at 1240-1242 and 1248-1250 are the antecedent of "these members" at 1244 and of 1252; whole subsection to 7	* `task.status_endpoint`: the polling URL for the Access Request Service.
REQ-414	S6-058	Security Considerations	1241	keyword-free	Definition	-	task.links.cancel is the cancellation endpoint and is PEP-facing	-	7	7	move	no	definition	links definitions go to 18 per the Access Request Response row; cancellation mechanics are in 17. | round 4: the member lists at 1240-1242 and 1248-1250 are the antecedent of "these members" at 1244 and of 1252; whole subsection to 7	* `task.links.cancel`: the cancellation endpoint.
REQ-415	S6-059	Security Considerations	1242	keyword-free	Definition	-	approval.id and approval.state are round-trip material the PEP places at context.approval; PEP-facing	-	7	7	move	no	definition	The members themselves are defined in 8; this row is the disclosure classification only. | round 4: the member lists at 1240-1242 and 1248-1250 are the antecedent of "these members" at 1244 and of 1252; whole subsection to 7	* `approval.id` and `approval.state`: round-trip material the PEP places at `context.approval` during re-evaluation.
REQ-416	S6-029	Security Considerations	1244	keyword	PEP	holds PEP-facing task or approval members	SHOULD NOT forward status_endpoint, links.cancel, approval.id or approval.state to end clients or non-PEP callers	-	7	7	move	no	encounter-rule	Plan sends the rest of 1236-1252 to 18, but this obligation binds every PEP in the core flow so precedence rule 2 puts it in Part I beside 1252; the descriptive lists at 1238-1242 and 1246-1250 stay in 18 and are not orphaned because 1244 names all four members inline.	PEPs SHOULD NOT forward these members to end clients or other non-PEP callers. Forwarding `status_endpoint` or `links.cancel` creates a direct end-client-to-Access-Request-Service channel that bypasses the PEP's enforcement and authorization context; forwarding `approval.id` or `approval.state` allows an end client to attempt to inject the approval reference into other PEPs or other evaluations. Possession of these values is not itself authorization (see {{task-handle-leakage}} and the PDP applicability rules in {{completion-semantics}}), but exposing them broadens the attack surface unnecessarily.
REQ-417	S6-060	Security Considerations	1246	keyword-free	Definition	-	classifies human-facing surfaces rendered only to callers authorized for the human workflow	-	7	7	move	no	definition	Stem of the 1248-1250 list; antecedent for 'the machine surfaces' contrast in 1252, which goes to 7. | round 4: the member lists at 1240-1242 and 1248-1250 are the antecedent of "these members" at 1244 and of 1252; whole subsection to 7	Human-facing surfaces are conveyed separately and are intended to be rendered only to callers authorized for the corresponding human workflow:
REQ-418	S6-061	Security Considerations	1248	keyword-free	Definition	-	task.links.ticket is the requester-facing status URL	-	7	7	move	no	definition	round 4: the member lists at 1240-1242 and 1248-1250 are the antecedent of "these members" at 1244 and of 1252; whole subsection to 7	* `task.links.ticket`: URL where the requester (Subject) can view the request and its status.
REQ-419	S6-062	Security Considerations	1249	keyword-free	Definition	-	task.links.review is the approver or administrator review URL	-	7	7	move	no	definition	Referenced by the MUST NOT in 1252, which goes to 7; cross-reference required. | round 4: the member lists at 1240-1242 and 1248-1250 are the antecedent of "these members" at 1244 and of 1252; whole subsection to 7	* `task.links.review`: URL where an approver or administrator can review or act on the request.
REQ-420	S6-063	Security Considerations	1250	keyword-free	Definition	-	task.display carries localizable user-interface hints	-	7	7	move	no	definition	round 4: the member lists at 1240-1242 and 1248-1250 are the antecedent of "these members" at 1244 and of 1252; whole subsection to 7	* `task.display`: localizable user-interface hints.
REQ-421	S6-030	Security Considerations	1252	keyword	PEP	renders requester-facing status to an end client	SHOULD render task.display and task.links.ticket; MUST NOT expose task.links.review to an unauthorized caller	task.links.review may be exposed to a caller authenticated and authorized as approver or administrator	7	7	move	no	encounter-rule	Plan contradiction: plan v7 named-collision text (superseded: 1252 now moves whole) sends 'the second sentence of 1252' to 7 and the rest to 18, splitting one paragraph, which precedence rule 4 forbids; text wins under rule 1 and the whole unit goes to 7.	When a PEP renders requester-facing status to an end client, it SHOULD do so by rendering `task.display` and `task.links.ticket` rather than by exposing the machine surfaces. A PEP MUST NOT expose `task.links.review` to a requester or other end client unless that caller has been authenticated and authorized as an approver or administrator for the task.
REQ-422	S6-031	Security Considerations	1258	keyword	ARS	deployment uses callbacks	MUST validate callback destinations and MUST authenticate callback notifications	-	16	16	move	yes	feature	Agree with plan Section 6 for the ARS sentences only: 921 and 931 state the same obligations more specifically and their wording survives. The PEP sentence of the same unit is S6-043 and must survive the merge. | 2nd reader: ACCEPTED for the ARS sentences only; 921/931 wording survives; PEP sentence survives as S6-043 | 2nd reader (round 2): sentence-level consolidation with 921/931 DEFERRED to A2; A1 moves 1258 whole to 16 (a partial paragraph would appear as ADDED to the comparison script) | 2nd reader (round 2): sentence-level consolidation with 921/931 DEFERRED to A2; A1 moves 1258 whole to 16 (a partial paragraph would appear as ADDED to the comparison script) | round 3: tag feature (a service that offers no callbacks is not bound)	Callback endpoints can be abused for spoofing, replay, request forgery, and server-side request forgery. Access Request Services MUST validate callback destinations as described in {{callback-completion}}. Callback notifications MUST be authenticated. PEPs SHOULD verify callback origin, bind callbacks to expected task identifiers and state values, and treat callbacks as notifications unless they contain an enforceable result under this profile.
REQ-423	S6-043	Security Considerations	1258	keyword	PEP	receiving callback notifications	SHOULD verify callback origin, bind callbacks to expected task identifiers and state, treat callbacks as notifications	unless the callback carries an enforceable result under this profile	16	16	move	yes	feature	Split of 1258 with S6-031: only origin verification and binding to expected task id and state have no counterpart at 921, 931, 929 or 933, so only they must survive the consolidation; the notification clause restates 929 and 933. | 2nd reader (round 2): sentence-level consolidation with 921/931 DEFERRED to A2; A1 moves 1258 whole to 16 (a partial paragraph would appear as ADDED to the comparison script) | 2nd reader (round 2): sentence-level consolidation with 921/931 DEFERRED to A2; A1 moves 1258 whole to 16 (a partial paragraph would appear as ADDED to the comparison script) | round 3: tag feature (a service that offers no callbacks is not bound)	Callback endpoints can be abused for spoofing, replay, request forgery, and server-side request forgery. Access Request Services MUST validate callback destinations as described in {{callback-completion}}. Callback notifications MUST be authenticated. PEPs SHOULD verify callback origin, bind callbacks to expected task identifiers and state values, and treat callbacks as notifications unless they contain an enforceable result under this profile.
REQ-424	S6-032	Security Considerations	1262	keyword	ARS	a submission claims an actor or delegation chain	MUST reject submissions whose claimed chain cannot be verified	-	6	6	move	no	core	Restates 1133 and 1135 in the Delegation section; distinct from 389, which the plan keeps in 6 for the client member. Second reader: the MUST-reject clause is encounter-rule shaped and Part I section 6 is an alternative home. | round 3: MUST reject an unverifiable chain binds every service, since 389/1135 only forbid relying on unverified actor data; Part I test -> 6	A PEP submitting an Access Request typically acts on behalf of the Subject identified in the original AuthZEN Authorization API evaluation, and may act on behalf of a longer delegation chain. The verification model the Access Request Service applies, the credential the PEP presents, and the wire representation of the delegation chain are defined in {{delegation}}. An Access Request Service that accepts unverified actor claims weakens the trust model of the entire flow; submissions whose claimed chain cannot be verified MUST be rejected.
REQ-425	S6-033	Security Considerations	1266	keyword	Implementation	-	SHOULD scope idempotency keys to the authenticated caller and avoid storing them longer than necessary	-	6	6	move	no	core	Plan-internal collision: the Part II row names 1264 for 15, but the same row's stated default is that idempotency text stays in 6, and 1101 makes idempotency support core. Resolved by that default.	Idempotency keys can be used to correlate requests. Implementations SHOULD scope idempotency keys to the authenticated caller and avoid storing them longer than necessary.
REQ-426	S6-034	Security Considerations	1270	keyword	PEP	task status cannot be determined	SHOULD fail closed	-	7	7	move	yes	core	Split of 1270 with S6-044 (ARS rate limits). The subsection states rules found nowhere else, so it stays in 22 under the plan's Security row. | 2nd reader (round 2): two-actor paragraph, one destination; Part I test puts it in 7 (fail-closed PEP rule is primary; polling rate-limiting concerns the same endpoint); A2 may split the service sentence to 4 | 2nd reader (round 2): two-actor paragraph, one destination; Part I test puts it in 7; A2 may split the service sentence to 4	Approval workflows can introduce latency and dependency on external systems. PEPs SHOULD fail closed when task status cannot be determined. Access Request Services SHOULD apply rate limits and abuse detection to request submission and polling endpoints.
REQ-427	S6-044	Security Considerations	1270	keyword	ARS	-	SHOULD apply rate limits and abuse detection to request submission and polling endpoints	-	7	7	move	yes	core	Split of 1270 with S6-034. | 2nd reader (round 2): two-actor paragraph, one destination; Part I test puts it in 7 (fail-closed PEP rule is primary; polling rate-limiting concerns the same endpoint); A2 may split the service sentence to 4 | 2nd reader (round 2): two-actor paragraph, one destination; Part I test puts it in 7; A2 may split the service sentence to 4	Approval workflows can introduce latency and dependency on external systems. PEPs SHOULD fail closed when task status cannot be determined. Access Request Services SHOULD apply rate limits and abuse detection to request submission and polling endpoints.
REQ-428	S6-064	IANA Considerations	1274	keyword-free	Editor	-	states that the document has no IANA actions and points to the OIDF registry section	-	24	24	stay	no	non-normative	Whole content of the section; anchor-free heading, cross-referenced by 1274 itself.	This document has no IANA actions. OpenID Foundation registry requests are listed in {{openid-foundation-registry-considerations}}.
REQ-429	S6-065	OpenID Foundation Registry Considerations	1280	keyword-free	Editor	-	requests registration of the listed PDP metadata parameters	-	25	25	stay	no	definition	-	This specification requests registration of the following PDP metadata parameters in the AuthZEN Policy Decision Point Metadata Registry.
REQ-430	S6-066	OpenID Foundation Registry Considerations	1282-1292	keyword-free	Definition	-	registration record for access_request_endpoint: name, description, change controller, specification document	-	25	25	stay	no	definition	Granularity choice: registration records are inventoried one row per registered item, not one row per definition-list entry.	Name: : `access_request_endpoint` Description: : HTTPS endpoint used to submit Access Requests for requestable denials. Change Controller: : OpenID Foundation AuthZEN Working Group Specification Document: : This document.
REQ-431	S6-067	OpenID Foundation Registry Considerations	1294-1304	keyword-free	Definition	-	registration record for jwks_uri: name, description, change controller, specification document	-	25	25	stay	no	definition	Description names both signed artifacts (binding_token, approval.state) and kid/iss key selection; keep consistent with Section 4 after relocation.	Name: : `jwks_uri` Description: : HTTPS URI of a JWK Set ({{RFC7517}}) document containing the verification keys for the signed artifacts this profile defines: PDP-issued `binding_token` values and `approval.state` values signed by the PDP's Access Request Service, distinguished by `kid` and JWS `iss`. Change Controller: : OpenID Foundation AuthZEN Working Group Specification Document: : This document.
REQ-432	S6-068	OpenID Foundation Registry Considerations	1307	keyword-free	Editor	-	requests registration of the listed PDP capabilities	-	25	25	stay	no	definition	Heading at 1305 has no blank line before it in the source; flag for the editor, not a relocation issue.	This specification requests registration of the following PDP capabilities in the AuthZEN Policy Decision Point Capabilities Registry.
REQ-433	S6-069	OpenID Foundation Registry Considerations	1309-1322	keyword-free	Definition	-	registration record for the access-request capability and its URN	-	25	25	stay	no	definition	-	Capability Name: : `access-request` Capability URN: : `urn:openid:authzen:capability:access-request` Capability Description: : Indicates that the PDP supports requestable denials and the Access Request Endpoint defined by this specification. Change Controller: : OpenID Foundation AuthZEN Working Group Specification Document: : This document.
REQ-434	S6-070	OpenID Foundation Registry Considerations	1324	keyword-free	Editor	-	explains use of the urn:openid:authzen namespace rather than urn:ietf:params:authzen for capability and problem-type URNs	-	25	25	stay	no	definition	Cross-references error-responses (9) and AuthZEN; both survive relocation.	The capability URN registered above and the problem-type URNs used for error responses ({{error-responses}}) both use the `urn:openid:authzen:` namespace administered by the OpenID Foundation, rather than the `urn:ietf:params:authzen:` sub-namespace that the AuthZEN Authorization API registers for capabilities ({{AuthZEN}}). This is an intentional OpenID Foundation profile convention; the `capabilities` array remains a list of URNs as defined by {{AuthZEN}}.
REQ-435	S6-071	OpenID Foundation Registry Considerations	1328	keyword-free	Editor	-	requests creation of the AuthZEN Access Request Member Names registry	-	25	25	stay	no	definition	-	This specification requests creation of a new registry: the AuthZEN Access Request Member Names registry.
REQ-436	S6-072	OpenID Foundation Registry Considerations	1330	keyword-free	Definition	-	registry scope (extension-point member names), Specification Required policy, and the entry field list	-	25	25	stay	no	definition	Cites extensibility (21); anchor iana-member-names is on the 1326 heading.	The registry tracks well-known member names that may appear at the extension points defined in {{extensibility}}. Registration policy is Specification Required. Each entry has the following fields:
REQ-437	S6-073	OpenID Foundation Registry Considerations	1332-1333	keyword-free	Definition	registry entry field	Name: the member name as it appears on the wire	-	25	25	stay	no	definition	-	Name: : The member name as it appears on the wire.
REQ-438	S6-074	OpenID Foundation Registry Considerations	1335-1336	keyword-free	Definition	registry entry field	Extension Point: one of the extension points in Section 21 or one defined by a profile	-	25	25	stay	no	definition	-	Extension Point: : One of the extension points listed in {{extensibility}}, or an extension point defined by a profile of this specification.
REQ-439	S6-075	OpenID Foundation Registry Considerations	1338-1339	keyword-free	Definition	registry entry field	Description: a short description of the member semantics	-	25	25	stay	no	definition	-	Description: : A short description of the member's semantics.
REQ-440	S6-076	OpenID Foundation Registry Considerations	1341-1342	keyword-free	Definition	registry entry field	Change Controller: the registering specification's change controller	-	25	25	stay	no	definition	-	Change Controller: : The registering specification's change controller.
REQ-441	S6-077	OpenID Foundation Registry Considerations	1344-1345	keyword-free	Definition	registry entry field	Specification Document: the document defining the member	-	25	25	stay	no	definition	-	Specification Document: : The document defining the member.
REQ-442	S6-078	OpenID Foundation Registry Considerations	1347-1365	keyword-free	Definition	-	initial member-name entries: 15 rows of Name, Extension Point, Description	-	25	25	stay	no	definition	Whole table is one unit. Its Description column paraphrases member definitions in 5, 6, 8 and 19; not marked consolidate because the plan lists only the reason-code table as a candidate, but the same duplication exists and a second reader may want the same treatment.	Initial entries registered by this specification: | Name | Extension Point | Description | |---|---|---| | `requested_until` | `requested_access` | RFC 3339 timestamp requesting access through a specific absolute time. | | `emergency` | `requested_access` | Boolean requesting an expedited or emergency-access path. | | `session_id` | `client.source` | Identifier of a bounded interaction context that produced the request (chat or agent conversation, application session, CLI invocation, workflow thread). | | `external_url` | `client.source` | URL of an external system that motivated the request. | | `integration_id` | `client.source` | Identifier of an upstream integration or workflow that produced the request. | | `ticket` | `task.links` | URL where the requester can view the request and its status. | | `review` | `task.links` | URL where an approver or administrator can review or act on the request. | | `cancel` | `task.links` | URL where the PEP can cancel the request. | | `next_action` | AuthZEN Decision Context | Action the PEP should take after a denied re-evaluation with an approval reference. | | `retry_after` | AuthZEN Decision Context | Number of seconds the PEP waits before retrying a transient re-evaluation denial. | | `access_request` | AuthZEN Decision Context | Requestable-denial object signaling that a denied decision may be requested. | | `evaluation_id` | AuthZEN Decision Context | Stable identifier of the AuthZEN Authorization API evaluation, used for denial binding and audit. | | `evaluated_at` | AuthZEN Decision Context | RFC 3339 timestamp at which the Decision was produced. | | `reason` | AuthZEN Decision Context | Machine-readable reason code for a denial, including re-evaluation denials. | | `approval` | AuthZEN Decision Context | Approval reference carried at `context.approval` during re-evaluation. |
REQ-443	S6-079	OpenID Foundation Registry Considerations	1367	keyword-free	Editor	-	change controller and specification document for all initial member-name entries	-	25	25	stay	no	definition	-	Change Controller for all initial entries: OpenID Foundation AuthZEN Working Group. Specification Document for all initial entries: This document.
REQ-444	S6-080	OpenID Foundation Registry Considerations	1371	keyword-free	Editor	-	requests creation of the AuthZEN Access Request Re-evaluation Denial Reason registry	-	25	25	stay	no	definition	-	This specification requests creation of a new registry: the AuthZEN Access Request Re-evaluation Denial Reason registry.
REQ-445	S6-081	OpenID Foundation Registry Considerations	1373	keyword-free	Definition	-	registry scope (context.reason values on re-evaluation denial), Specification Required policy, entry field list	-	25	25	stay	no	definition	Cites completion-semantics (8); anchor iana-reeval-reasons is on the 1369 heading.	The registry tracks well-known `context.reason` values a PDP returns when it denies a re-evaluation that presented an `approval` reference ({{completion-semantics}}). Registration policy is Specification Required. Each entry has the following fields:
REQ-446	S6-082	OpenID Foundation Registry Considerations	1375-1376	keyword-free	Definition	registry entry field	Reason: the context.reason value as it appears on the wire	-	25	25	stay	no	definition	-	Reason: : The `context.reason` value as it appears on the wire.
REQ-447	S6-035	OpenID Foundation Registry Considerations	1378-1379	keyword	Definition	registry entry field	Default Next Action carries the RECOMMENDED next_action for the value: request, retry, or none	-	25	25	stay	no	definition	Keyword-bearing only because of RECOMMENDED; it is a registry field definition, not an obligation.	Default Next Action: : The RECOMMENDED `next_action` for the value: `request`, `retry`, or `none`.
REQ-448	S6-083	OpenID Foundation Registry Considerations	1381-1382	keyword-free	Definition	registry entry field	Description: a short description of the denial condition	-	25	25	stay	no	definition	-	Description: : A short description of the denial condition.
REQ-449	S6-084	OpenID Foundation Registry Considerations	1384-1385	keyword-free	Definition	registry entry field	Change Controller: the registering specification's change controller	-	25	25	stay	no	definition	-	Change Controller: : The registering specification's change controller.
REQ-450	S6-085	OpenID Foundation Registry Considerations	1387-1388	keyword-free	Definition	registry entry field	Specification Document: the document defining the value	-	25	25	stay	no	definition	-	Specification Document: : The document defining the value.
REQ-451	S6-086	OpenID Foundation Registry Considerations	1390-1398	keyword-free	Definition	-	initial reason entries: five codes with default next_action and description	-	25	25	stay	no	definition	Agree with plan Section 6 for the Description column only: it paraphrases 842-848, whose wording survives, and the table cross-references 8. Caveat: the Default Next Action column also duplicates 842-848 exactly, and a registry entry conventionally needs some description, so keep Reason plus Default Next Action and a pointer rather than an empty column. | 2nd reader: A1 keeps the table verbatim; A2 wording decision (Description and Default Next Action columns duplicate 842-848)	Initial entries registered by this specification: | Reason | Default Next Action | Description | |---|---|---| | `approval_expired` | `request` | Approval no longer valid: `approved_until` passed, or revoked, cancelled, or superseded. | | `out_of_scope` | `request` | Approval valid but the evaluation is outside its approval scope. | | `grant_pending` | `retry` | Approval valid and in scope, but the backing grant is not yet present (for example, provisioning incomplete). | | `policy_denied` | `none` | Approval valid and in scope, but current policy, subject status, or risk state denies the request. | | `approval_unverifiable` | `none` | The presented `approval.id` or `approval.state` could not be resolved, verified, or bound. |
REQ-452	S6-087	OpenID Foundation Registry Considerations	1400	keyword-free	Editor	-	change controller and specification document for all initial reason entries	-	25	25	stay	no	definition	-	Change Controller for all initial entries: OpenID Foundation AuthZEN Working Group. Specification Document for all initial entries: This document.
REQ-453	S7-007	Examples	1404	keyword-free	Editor	-	insert non-normative editor's note before the first example: tokens omit `aud` (REQUIRED at 1174) and per-item denial objects required at 1186 (register item G15)	-	A	A	stay	no	non-normative	New content per plan Sec 8 bullet (plan line 169) and diagnosis (plan line 41); the note asserts nothing about the annotated text per plan's editor's-note policy. Verified against this slice's tokens: none of the binding_token payloads at 1449/1648 or approval.state payloads at 1536/1767 carry `iss`/`aud`; 1767's `exp` decodes to 2026-05-19T17:00:00Z, 30 min before its `approved_until` of 17:30:00Z - confirms G9/G15 as stated. No plan/text contradiction found in this slice. | round 3: narrowed from 1404-1832 to the heading line; the Examples section moves as a block under the Section 4 map, not under this row	(editor's note insertion point before the first example; see G15)
REQ-454	S7-001	Implementation Considerations	1845	keyword	Implementation	implementation maps its richer task-lifecycle states onto this profile's canonical statuses	SHOULD follow the status-mapping guidance at {{status-mapping}}	-	C	C	stay	no	non-normative	Appendix C is declared non-normative at 1835 (register item G19, plan line 116); unlike 1859/1861 this SHOULD has no confirmed normative MUST-reject dependent (240/400/1097 depend on clock-skew tolerance, not status-mapping) - flagged per brief instruction regardless. {{status-mapping}} target (695-709, Mapping Backend States) also relocates to C per plan, outside this slice.	Re-evaluation Mode aligns directly with this pattern: provisioning changes platform state, and a subsequent AuthZEN Authorization API evaluation reflects that state.  Implementations mapping their richer task lifecycle states onto the canonical statuses defined in this profile SHOULD follow the guidance in {{status-mapping}}.
REQ-455	S7-002	Implementation Considerations	1859	keyword	Implementation	comparing a remote-host-produced timestamp against the local clock	SHOULD allow a small skew tolerance when comparing across hosts	30 seconds typical; tolerances above 60 seconds NOT RECOMMENDED	C	C	stay	yes	non-normative	split-row 1/3 of the unit at 1859 (siblings S7-008 actor PEP, S7-009 actor ARS; same src_lines/text/dest per plan Sec 5 \"rows share the unit\"). Non-normative appendix (1835) feeds normative MUST-reject conditions at 240/400/1097 (G19, plan line 116); withdrawn-consolidation note (plan line 153) confirms 240/400/1097 keep this tolerance condition separately and are not merged here.	Implementations SHOULD allow a small skew tolerance when comparing a remote-host timestamp against the local clock.  A tolerance of 30 seconds is typical; tolerances above 60 seconds are NOT RECOMMENDED.  A PEP comparing `approval.approved_until` to local time MAY treat the approval as valid until `approved_until` plus the tolerance.  An Access Request Service comparing `denial.expires_at` (the PEP-echoed requestable-denial hint expiry) to its local clock MAY accept submissions arriving up to the tolerance after that timestamp, after verifying the echoed value against the denial-binding material.
REQ-456	S7-008	Implementation Considerations	1859	keyword	PEP	PEP compares `approval.approved_until` to local time	MAY treat the approval as valid until `approved_until` plus the tolerance	-	C	C	stay	yes	non-normative	split-row 2/3 of the unit at 1859 (siblings S7-002 actor Implementation, S7-009 actor ARS). Same G19 non-normative-appendix note as S7-002; not consolidated per withdrawn-consolidation note (plan line 153).	Implementations SHOULD allow a small skew tolerance when comparing a remote-host timestamp against the local clock.  A tolerance of 30 seconds is typical; tolerances above 60 seconds are NOT RECOMMENDED.  A PEP comparing `approval.approved_until` to local time MAY treat the approval as valid until `approved_until` plus the tolerance.  An Access Request Service comparing `denial.expires_at` (the PEP-echoed requestable-denial hint expiry) to its local clock MAY accept submissions arriving up to the tolerance after that timestamp, after verifying the echoed value against the denial-binding material.
REQ-457	S7-009	Implementation Considerations	1859	keyword	ARS	ARS compares `denial.expires_at` (the PEP-echoed requestable-denial hint expiry) to its local clock, after verifying the echoed value against the denial-binding material	MAY accept submissions arriving up to the tolerance after that timestamp	only after verifying the echoed value against the denial-binding material	C	C	stay	yes	non-normative	split-row 3/3 of the unit at 1859 (siblings S7-002 actor Implementation, S7-008 actor PEP). Same G19 non-normative-appendix note as S7-002; not consolidated per withdrawn-consolidation note (plan line 153).	Implementations SHOULD allow a small skew tolerance when comparing a remote-host timestamp against the local clock.  A tolerance of 30 seconds is typical; tolerances above 60 seconds are NOT RECOMMENDED.  A PEP comparing `approval.approved_until` to local time MAY treat the approval as valid until `approved_until` plus the tolerance.  An Access Request Service comparing `denial.expires_at` (the PEP-echoed requestable-denial hint expiry) to its local clock MAY accept submissions arriving up to the tolerance after that timestamp, after verifying the echoed value against the denial-binding material.
REQ-458	S7-003	Implementation Considerations	1861	keyword	Implementation	host produces timestamps that are compared across hosts (clock skew)	SHOULD synchronize clocks against a reliable time source (e.g. NTP, PTP) to keep skew below the tolerance window	-	C	C	stay	yes	non-normative	split-row 1/2 of the unit at 1861 (sibling S7-010 actor Deployment; same src_lines/text/dest). G19 non-normative-appendix note (plan line 116) applies; withdrawn-consolidation note (plan line 153) confirms 240/400/1097's tolerance condition is kept separate, not merged here.	Hosts that produce timestamps SHOULD synchronize their clocks against a reliable time source (for example, NTP or PTP) to keep skew well below the tolerance window.  Deployments with stricter requirements (for example, regulatory or audit constraints) MAY define a tighter tolerance and document it as part of their deployment profile.
REQ-459	S7-010	Implementation Considerations	1861	keyword	Deployment	deployment has stricter requirements (for example, regulatory or audit constraints)	MAY define a tighter clock-skew tolerance and document it as part of its deployment profile	-	C	C	stay	yes	non-normative	split-row 2/2 of the unit at 1861 (sibling S7-003 actor Implementation). Same G19 note as S7-003.	Hosts that produce timestamps SHOULD synchronize their clocks against a reliable time source (for example, NTP or PTP) to keep skew well below the tolerance window.  Deployments with stricter requirements (for example, regulatory or audit constraints) MAY define a tighter tolerance and document it as part of their deployment profile.
REQ-460	S7-004	Design Rationale	1904	keyword	PEP	intermediate enforcer (an OAuth Authorization Server or other gateway) acts as PEP and proxies the Access Request Endpoint	MAY proxy the endpoint and present a different URL to its own callers while preserving the protocol surface	-	D	D	stay	no	non-normative	Appendix D disclaims normative force at 1888; text-over-plan precedence rule 1 keeps this commentary in place as-is. Possible gap: 223 (dest 5, outside slice) covers access_request_endpoint hosting and 525 (dest per plan Access Request Response, outside slice) covers status_endpoint proxying, but no Part I rule explicitly covers a PEP re-presenting the submission endpoint under a different URL - flag for second reader as a candidate new register item; not resolved here.	A reader familiar with REST conventions might expect resource-scoped endpoints (for example, `/resources/{id}/access-requests`) or tenant-scoped endpoints in multi-tenant SaaS.  A single endpoint per deployment, identified by `access_request_endpoint` in PDP metadata, simplifies discovery: one metadata lookup, one stable call site, no URL templating in PEP code.  Routing decisions (workflow class, tenant, resource family) happen inside the request payload via `template`, the submitted Subject/Resource/Action, and other context members, rather than via URL structure.  Intermediate enforcers (an OAuth Authorization Server or other gateway acting as PEP) MAY proxy the endpoint and present a different URL to their own callers while preserving the protocol surface.
REQ-461	S7-005	Design Rationale	1925	keyword	PDP	-	`binding_token` MUST be integrity-protected (typically JWS), per token-hygiene claims at {{binding-token-integrity}}	-	D	D	stay	no	non-normative	Restates the normative MUST at line 1169 (dest 5, Requestable Denial, outside slice) via the {{binding-token-integrity}} cross-reference; not marked consolidate (rationale commentary, not an independent duplicate source; not in plan Sec 6 candidate list) - second reader should confirm no independent normative content here.	The two slots play different protocol roles with different constraint regimes.  `binding_token` is PDP-issued and Access-Request-Service-verified; it MUST be integrity-protected, typically as a JWS, with the token-hygiene claim recommendations in {{binding-token-integrity}}.  `approval.state` is Access-Request-Service-issued (or PDP-issued via the Access Request Service) and PDP-verified; it is opaque and format-flexible, allowing a signed token, a lookup reference, or deployment-specific state.  The different names signal the asymmetric constraint regimes; a unified name would over-promise that the two slots play the same role.
REQ-462	S7-006	Design Rationale	1929	keyword	ARS	-	`approval.id` REQUIRED even when `approval.state` is signed, for uniform audit/correlation and PDP cross-check against the identifier bound in `approval.state`	-	D	D	stay	no	non-normative	Restates the REQUIRED cardinality at line 805 and the identifier cross-check MUST at line 811 (both dest 8, Completion Semantics / Approval and Re-evaluation, outside slice); rationale commentary, not marked consolidate (not in plan Sec 6 candidate list) - flag for second reader.	In the bound-reference pattern a signed `approval.state` already carries the approval identifier, so the top-level `approval.id` can look redundant.  It is kept REQUIRED for two reasons.  First, it is the stable, uniform audit and correlation handle present in both topologies: in the server-side-lookup pattern it is the resolver key, and in the bound-reference pattern it lets logs, callbacks, and task records reference the approval without parsing `approval.state`.  Second, when both are present the PDP cross-checks that the identifier bound inside `approval.state` matches `approval.id`, a cheap defense against a PEP pairing a valid signed state with a mismatched identifier.  A single always-present identifier keeps the wire shape uniform across topologies.
REQ-463	S0-080	Introduction	80	keyword-free	Editor	-	narrative: opening paragraph: what the AuthZEN Authorization API does	-	1	1	stay	no	non-normative	round 4: added so the non-row-text rule has an explicit placement for Introduction prose that precedes every keyword unit or follows the scenario bullets	The AuthZEN Authorization API enables a Policy Enforcement Point (PEP) to ask a Policy Decision Point (PDP) whether a Subject may perform an Action on a Resource within a Context. The PDP returns a Decision indicating whether the operation is allowed or denied.
REQ-464	S0-082	Introduction	82	keyword-free	Editor	-	narrative: classic deployments: authority fixed at provisioning time	-	1	1	stay	no	non-normative	round 4: added so the non-row-text rule has an explicit placement for Introduction prose that precedes every keyword unit or follows the scenario bullets	In classic deployments, the authority a caller needs is largely fixed at provisioning time. A user is granted a role; an OAuth client is registered with a set of scopes; a service account is granted access to a database. Runtime denials are uncommon and typically indicate misconfiguration or attack, and the appropriate response is to log, alert, or refuse.
REQ-465	S0-091	Introduction	91	keyword-free	Editor	-	narrative: the denial is a signal that further authority is required; autonomous callers	-	B	B	move	no	non-normative	round 4: added so the non-row-text rule has an explicit placement for Introduction prose that precedes every keyword unit or follows the scenario bullets	In each pattern, the denial is not a terminal error. It is a signal that further authority is required before the caller can proceed, that the deployment has a workflow capable of evaluating that request, and that the caller should hand off through a defined protocol surface rather than guess at remediation. Autonomous callers heighten this requirement: an agent, gateway, or token service has no browser to open and no human present at the moment of denial, and the volume of denials a single such caller produces makes per-deployment integrations unsustainable.
REQ-466	S0-093	Introduction	93	keyword-free	Editor	-	narrative: the same need in user-facing patterns; vendor-specific integrations	-	B	B	move	no	non-normative	round 4: added so the non-row-text rule has an explicit placement for Introduction prose that precedes every keyword unit or follows the scenario bullets	The same need has long existed in user-facing patterns. SaaS applications surface approval prompts to end users when access is missing. Identity governance, ITSM, and case-management platforms accept access requests routed from enforcing applications. These flows are typically implemented through vendor-specific integrations because the protocol layer between authorization enforcement and the workflow that resolves a denial is not standardized. PEPs without such a standardized surface fall back to non-standard user-interface messages, out-of-band tickets, or vendor-specific governance integrations.
